﻿IsMeta,URL,Key,Value
true,chrome://settings,,"meta data, value bytes is [8 245 199 199 190 255 197 214 23 16 51]"
true,devtools://devtools,,"meta data, value bytes is [8 191 220 175 209 254 170 217 23 16 248 1]"
true,https://chrome.google.com,,"meta data, value bytes is [8 251 202 238 189 187 166 215 23 16 33]"
true,https://www.facebook.com,,"meta data, value bytes is [8 175 180 197 206 239 140 218 23 16 195 42]"
false,,,1
false,chrome://settings,privacy-guide-promo-count,10
false,chrome://settings,signin-promo-count,10
false,devtools://devtools,experiments,"{""dualScreenSupport"":true,""preloadingStatusPanel"":true}"
false,devtools://devtools,localInspectorVersion,35
false,devtools://devtools,previouslyViewedFiles,"[{""url"":""debugger:///VM346"",""resourceTypeName"":""script"",""selectionRange"":{""startLine"":2,""startColumn"":0,""endLine"":2,""endColumn"":0}}]"
false,https://chrome.google.com,webstore.benchmark::results,1|58
false,https://www.facebook.com,Session,h0h393:1699641827581
false,https://www.facebook.com,_oz_bandwidthAndTTFBSamples,"{""b"":[],""t"":[]}"
false,https://www.facebook.com,_oz_bandwidthEstimate,10000000
false,https://www.facebook.com,falco_queue_critical^$100004277590092^#100004277590092^#^#hmac.AR2qo-G7FTYTuoY6sRuXvlXsK1kItw_GNxw8duCGo1JZDB3V^$f2b192485ea7f88,"{""items"":[{""name"":""ods_web_batch"",""policy"":{""r"":1,""s"":1},""time"":1699641792579.4,""extra"":""{\""batch\"":{\""3589\"":{\""dgw_web_client\"":{\""DGWPinger.timeout_fired.reset\"":[1,null],\""DGWPinger.timeout.newtimeout\"":[1,null],\""DGWPinger.reset\"":[1,null],\""DGWPinger.reset.newtimeout\"":[1,null]}}}}""}],""ts"":1699641792579.4}"
false,https://www.facebook.com,falco_queue_immediately^$100004277590092^#100004277590092^#^#hmac.AR2qo-G7FTYTuoY6sRuXvlXsK1kItw_GNxw8duCGo1JZDB3V^$f3096de2699e5e8,"{""items"":[{""name"":""web_time_spent_bit_array"",""policy"":{""r"":1},""time"":1699641749138.2,""extra"":""{\""sid_raw\"":\""kkuhnc:dlpgp9:7d9bd2\"",\""start_time\"":1699641741,\""tos_array\"":[95,0],\""tos_cum\"":6,\""tos_id\"":\""7d9bd2\"",\""tos_len\"":9,\""tos_seq\"":0}"",""shouldAddState"":true,""logImmediate"":true},{""name"":""web_time_spent_navigation"",""policy"":{""r"":1},""time"":1699641792581.3,""extra"":""{\""cause\"":\""unload\"",\""custom_data_json\"":\""{\\\""source_pa\\\"":\\\""{\\\\\\\""0\\\\\\\"":{\\\\\\\""bookmark_id\\\\\\\"":\\\\\\\""4748854339\\\\\\\"",\\\\\\\""bookmark_type_name\\\\\\\"":\\\\\\\""\\\\\\\"",\\\\\\\""session\\\\\\\"":\\\\\\\""kkuhnc:dlpgp9:7d9bd2\\\\\\\"",\\\\\\\""subsession\\\\\\\"":1,\\\\\\\""tap_point\\\\\\\"":\\\\\\\""via_cold_start\\\\\\\"",\\\\\\\""timestamp\\\\\\\"":1699641741131,\\\\\\\""trace_policy\\\\\\\"":\\\\\\\""comet.home\\\\\\\""}}\\\"",\\\""source_pav2\\\"":\\\""CometHomeRoot.react,comet.home,via_cold_start,1699641741131,620039,4748854339,\\\"",\\\""source_uri\\\"":\\\""/\\\"",\\\""source_imp_id\\\"":\\\""0l0EMecg3mtQkPJR2\\\"",\\\""source_visitation_id\\\"":\\\""comet.home:7d9bd2:1:1699641741.132\\\""}\"",\""sid_raw\"":\""h0h393:eh27z1:7d9bd2\"",\""source_path\"":\""comet.home\""}""},{""name"":""web_time_spent_bit_array"",""policy"":{""r"":1},""time"":1699641792581.4,""extra"":""{\""sid_raw\"":\""kkuhnc:dlpgp9:7d9bd2\"",\""start_time\"":1699641749,\""tos_array\"":[97,0],\""tos_cum\"":9,\""tos_id\"":\""7d9bd2\"",\""tos_len\"":44,\""tos_seq\"":1}""}],""ts"":1699641792581.4}"
false,https://www.facebook.com,falco_queue_log^$100004277590092^#100004277590092^#^#hmac.AR2qo-G7FTYTuoY6sRuXvlXsK1kItw_GNxw8duCGo1JZDB3V^$f197ad19c184dbc,"value is too long, length is 3233, supportted max length is 2048"
