﻿Title,URL,VisitCount,LastVisitTime
Inbox (17) - schaferchris6@gmail.com - Gmail,https://accounts.google.com/b/0/AddMailService,0,1601-01-01T00:00:00-08:00
Nascar cup series шарлотт владимир башмаков даниил квят mp4 hq xxx video,https://actionviewphotography.com/watch/-211183989_456239392,0,1601-01-01T00:00:00-08:00
Compilation Lesbians Creamy Squirting In Mouth Free Sex Videos - Watch Beautiful and Exciting Compilation Lesbians Creamy Squirting In Mouth Porn at anybunny.com,https://anybunny.org/itm/compilation_lesbians_creamy_squirting_in_mouth,0,1601-01-01T00:00:00-08:00
Vintage Squirting Compilation Free Sex Videos - Watch Beautiful and Exciting Vintage Squirting Compilation Porn at anybunny.com,https://anybunny.org/itm/vintage_squirting_compilation,0,1601-01-01T00:00:00-08:00
"Internet Archive: Digital Library of Free & Borrowable Books, Movies, Music & Wayback Machine",https://archive.org/,0,1601-01-01T00:00:00-08:00
"Duel 1971 : Steven Spielberg : Free Download, Borrow, and Streaming : Internet Archive",https://archive.org/details/duel-1971_202008/Duel+.mkv,0,1601-01-01T00:00:00-08:00
"Internet Archive: Digital Library of Free & Borrowable Books, Movies, Music & Wayback Machine",https://archive.org/search?query=+++++++++++++++++++++++++++++++++++++++++++++Game+Of+Thrones&page=21&and%5B%5D=mediatype%3A%22movies%22,0,1601-01-01T00:00:00-08:00
In same serie with 171725696,https://depositphotos.com/serie/171725696.html,0,1601-01-01T00:00:00-08:00
"Free Ladyboy Porn - Watch exclusive ladyboy, shemale & tranny porn videos.",https://ladyboyfreeporn.com/,0,1601-01-01T00:00:00-08:00
Berry AI 🍓 (@nelibot@pawoo.net) - Pawoo - 創作活動や自由なコミュニケーションを楽しめる場,https://pawoo.net/@nelibot,0,1601-01-01T00:00:00-08:00
Pomf.TV - Streaming with almost no limitations!,https://pomf.tv/streamhistory/Butters944/,0,1601-01-01T00:00:00-08:00
Pomf.TV - Streaming with almost no limitations!,https://pomf.tv/streamhistory/Butters944/60657,0,1601-01-01T00:00:00-08:00
Pomf.TV - Streaming with almost no limitations!,https://pomf.tv/streamhistory/Butters944/60734,0,1601-01-01T00:00:00-08:00
Pomf.TV - Streaming with almost no limitations!,https://pomf.tv/streamhistory/Butters944/61142,0,1601-01-01T00:00:00-08:00
Watch Anna Popplewell Movies and Series Online Free - Watch Free Movies Online,https://primewire.mx/cast/anna-popplewell,0,1601-01-01T00:00:00-08:00
Watch Kevin Costner Movies and Series Online Free - Watch Free Movies Online,https://primewire.mx/cast/kevin-costner,0,1601-01-01T00:00:00-08:00
Watch Morgan Freeman Movies and Series Online Free - Watch Free Movies Online,https://primewire.mx/cast/morgan-freeman,0,1601-01-01T00:00:00-08:00
Watch Morgan Freeman Movies and Series Online Free - Watch Free Movies Online,https://primewire.mx/cast/morgan-freeman?page=2,0,1601-01-01T00:00:00-08:00
primewire.mx | 521: Web server is down,https://primewire.mx/home,0,1601-01-01T00:00:00-08:00
Watch 1944 2015 full HD on Primewire Free,https://primewire.mx/movie/watch-1944-online-766,0,1601-01-01T00:00:00-08:00
Watch Avatar: The Way of Water 2022 full HD on Primewire Free,https://primewire.mx/movie/watch-avatar-the-way-of-water-online-79936,0,1601-01-01T00:00:00-08:00
Watch Back to the Future 1985 full HD on Primewire Free,https://primewire.mx/movie/watch-back-to-the-future-online-19554,0,1601-01-01T00:00:00-08:00
Watch Back to the Future Part II 1989 full HD on Primewire Free,https://primewire.mx/movie/watch-back-to-the-future-part-ii-online-18231,0,1601-01-01T00:00:00-08:00
Watch Back to the Future Part III 1990 full HD on Primewire Free,https://primewire.mx/movie/watch-back-to-the-future-part-iii-online-17993,0,1601-01-01T00:00:00-08:00
Watch Batman Begins 2005 full HD on Primewire Free,https://primewire.mx/movie/watch-batman-begins-online-19636,0,1601-01-01T00:00:00-08:00
Watch Battle for the Planet of the Apes 1973 full HD on Primewire Free,https://primewire.mx/movie/watch-battle-for-the-planet-of-the-apes-online-13227,0,1601-01-01T00:00:00-08:00
Watch Beneath the Planet of the Apes 1970 full HD on Primewire Free,https://primewire.mx/movie/watch-beneath-the-planet-of-the-apes-online-12961,0,1601-01-01T00:00:00-08:00
Watch Casualties of War 1989 full HD on Primewire Free,https://primewire.mx/movie/watch-casualties-of-war-online-12319,0,1601-01-01T00:00:00-08:00
Watch Close Encounters of the Third Kind 1977 full HD on Primewire Free,https://primewire.mx/movie/watch-close-encounters-of-the-third-kind-online-19447,0,1601-01-01T00:00:00-08:00
Watch Conquest of the Planet of the Apes 1972 full HD on Primewire Free,https://primewire.mx/movie/watch-conquest-of-the-planet-of-the-apes-online-11493,0,1601-01-01T00:00:00-08:00
Watch Dances with Wolves 1990 full HD on Primewire Free,https://primewire.mx/movie/watch-dances-with-wolves-online-19139,0,1601-01-01T00:00:00-08:00
Watch Dawn of the Planet of the Apes 2014 full HD on Primewire Free,https://primewire.mx/movie/watch-dawn-of-the-planet-of-the-apes-online-19276,0,1601-01-01T00:00:00-08:00
Watch Escape from the Planet of the Apes 1971 full HD on Primewire Free,https://primewire.mx/movie/watch-escape-from-the-planet-of-the-apes-online-11518,0,1601-01-01T00:00:00-08:00
Watch Fantastic Beasts and Where to Find Them 2016 full HD on Primewire Free,https://primewire.mx/movie/watch-fantastic-beasts-and-where-to-find-them-online-19695,0,1601-01-01T00:00:00-08:00
Watch Fantastic Beasts: The Crimes of Grindelwald 2018 full HD on Primewire Free,https://primewire.mx/movie/watch-fantastic-beasts-the-crimes-of-grindelwald-online-19821,0,1601-01-01T00:00:00-08:00
Watch Fantastic Beasts: The Secrets of Dumbledore 2022 full HD on Primewire Free,https://primewire.mx/movie/watch-fantastic-beasts-the-secrets-of-dumbledore-online-76075,0,1601-01-01T00:00:00-08:00
Watch Full Metal Jacket 1987 full HD on Primewire Free,https://primewire.mx/movie/watch-full-metal-jacket-online-19055,0,1601-01-01T00:00:00-08:00
Watch Hacksaw Ridge 2016 full HD on Primewire Free,https://primewire.mx/movie/watch-hacksaw-ridge-online-19674,0,1601-01-01T00:00:00-08:00
Watch Hamburger Hill 1987 full HD on Primewire Free,https://primewire.mx/movie/watch-hamburger-hill-online-16260,0,1601-01-01T00:00:00-08:00
Watch Homeward Bound II: Lost in San Francisco 1996 full HD on Primewire Free,https://primewire.mx/movie/watch-homeward-bound-ii-lost-in-san-francisco-online-53649,0,1601-01-01T00:00:00-08:00
Watch Homeward Bound: The Incredible Journey 1993 full HD on Primewire Free,https://primewire.mx/movie/watch-homeward-bound-the-incredible-journey-online-53648,0,1601-01-01T00:00:00-08:00
Watch Iron Eagle 1986 full HD on Primewire Free,https://primewire.mx/movie/watch-iron-eagle-online-13614,0,1601-01-01T00:00:00-08:00
Watch Jarhead 2005 full HD on Primewire Free,https://primewire.mx/movie/watch-jarhead-online-13036,0,1601-01-01T00:00:00-08:00
Watch Jurassic World Dominion 2022 full HD on Primewire Free,https://primewire.mx/movie/watch-jurassic-world-3-online-7096,0,1601-01-01T00:00:00-08:00
Watch King Kong 2005 full HD on Primewire Free,https://primewire.mx/movie/watch-king-kong-online-19256,0,1601-01-01T00:00:00-08:00
Watch MacArthur 1977 full HD on Primewire Free,https://primewire.mx/movie/watch-macarthur-online-1707,0,1601-01-01T00:00:00-08:00
Watch Man of Steel 2013 full HD on Primewire Free,https://primewire.mx/movie/watch-man-of-steel-online-19606,0,1601-01-01T00:00:00-08:00
Watch March of the Penguins 2005 full HD on Primewire Free,https://primewire.mx/movie/watch-march-of-the-penguins-online-12806,0,1601-01-01T00:00:00-08:00
Watch Maximum Overdrive 1986 full HD on Primewire Free,https://primewire.mx/movie/watch-maximum-overdrive-online-17121,0,1601-01-01T00:00:00-08:00
Watch Memphis Belle 1990 full HD on Primewire Free,https://primewire.mx/movie/watch-memphis-belle-online-57908,0,1601-01-01T00:00:00-08:00
Watch Open Range 2003 full HD on Primewire Free,https://primewire.mx/movie/watch-open-range-online-17730,0,1601-01-01T00:00:00-08:00
Watch Oppenheimer 2023 full HD on Primewire Free,https://primewire.mx/movie/watch-oppenheimer-online-98446,0,1601-01-01T00:00:00-08:00
Watch Pearl Harbor 2001 full HD on Primewire Free,https://primewire.mx/movie/watch-pearl-harbor-online-18422,0,1601-01-01T00:00:00-08:00
Watch Planet of the Apes 1968 full HD on Primewire Free,https://primewire.mx/movie/watch-planet-of-the-apes-online-18054,0,1601-01-01T00:00:00-08:00
Watch Platoon 1986 full HD on Primewire Free,https://primewire.mx/movie/watch-platoon-online-18474,0,1601-01-01T00:00:00-08:00
Watch Rambo III 1988 full HD on Primewire Free,https://primewire.mx/movie/watch-rambo-iii-online-18836,0,1601-01-01T00:00:00-08:00
Watch Rise of the Planet of the Apes 2011 full HD on Primewire Free,https://primewire.mx/movie/watch-rise-of-the-planet-of-the-apes-online-19216,0,1601-01-01T00:00:00-08:00
Watch Space Pups 2023 full HD on Primewire Free,https://primewire.mx/movie/watch-space-pups-online-97573,0,1601-01-01T00:00:00-08:00
Watch Strays 2023 full HD on Primewire Free,https://primewire.mx/movie/watch-strays-online-99949,0,1601-01-01T00:00:00-08:00
Watch Teen Wolf: The Movie 2023 full HD on Primewire Free,https://primewire.mx/movie/watch-teen-wolf-the-movie-online-92563,0,1601-01-01T00:00:00-08:00
Watch The Batman 2022 full HD on Primewire Free,https://primewire.mx/movie/watch-the-batman-online-16076,0,1601-01-01T00:00:00-08:00
Watch The Car 1977 full HD on Primewire Free,https://primewire.mx/movie/watch-the-car-online-11657,0,1601-01-01T00:00:00-08:00
Watch The Chronicles of Narnia: Prince Caspian 2008 full HD on Primewire Free,https://primewire.mx/movie/watch-the-chronicles-of-narnia-prince-caspian-online-18733,0,1601-01-01T00:00:00-08:00
"Watch The Chronicles of Narnia: The Lion, the Witch and the Wardrobe 2005 full HD on Primewire Free",https://primewire.mx/movie/watch-the-chronicles-of-narnia-the-lion-the-witch-and-the-wardrobe-online-19545,0,1601-01-01T00:00:00-08:00
Watch The Dark Knight 2008 full HD on Primewire Free,https://primewire.mx/movie/watch-the-dark-knight-online-19752,0,1601-01-01T00:00:00-08:00
Watch The Dark Knight Rises 2012 full HD on Primewire Free,https://primewire.mx/movie/watch-the-dark-knight-rises-online-19661,0,1601-01-01T00:00:00-08:00
Watch The Hobbit: An Unexpected Journey 2012 full HD on Primewire Free,https://primewire.mx/movie/watch-the-hobbit-an-unexpected-journey-online-19639,0,1601-01-01T00:00:00-08:00
Watch The Hobbit: The Desolation of Smaug 2013 full HD on Primewire Free,https://primewire.mx/movie/watch-the-hobbit-the-desolation-of-smaug-online-19551,0,1601-01-01T00:00:00-08:00
Watch The Last Duel 2021 full HD on Primewire Free,https://primewire.mx/movie/watch-the-last-duel-online-73276,0,1601-01-01T00:00:00-08:00
Watch The Lord of the Rings: The Fellowship of the Ring 2001 full HD on Primewire Free,https://primewire.mx/movie/watch-the-lord-of-the-rings-the-fellowship-of-the-ring-online-19736,0,1601-01-01T00:00:00-08:00
Watch The Lord of the Rings: The Return of the King 2003 full HD on Primewire Free,https://primewire.mx/movie/watch-the-lord-of-the-rings-the-return-of-the-king-online-19681,0,1601-01-01T00:00:00-08:00
Watch The Lord of the Rings: The Two Towers 2002 full HD on Primewire Free,https://primewire.mx/movie/watch-the-lord-of-the-rings-the-two-towers-online-19670,0,1601-01-01T00:00:00-08:00
Watch The Pianist 2002 full HD on Primewire Free,https://primewire.mx/movie/watch-the-pianist-online-19205,0,1601-01-01T00:00:00-08:00
Watch The School for Good and Evil 2022 full HD on Primewire Free,https://primewire.mx/movie/watch-the-school-for-good-and-evil-online-89332,0,1601-01-01T00:00:00-08:00
Watch The Secret Kingdom 2023 full HD on Primewire Free,https://primewire.mx/movie/watch-the-secret-kingdom-online-97438,0,1601-01-01T00:00:00-08:00
Watch Titanic 1997 full HD on Primewire Free,https://primewire.mx/movie/watch-titanic-online-19586,0,1601-01-01T00:00:00-08:00
Watch War for the Planet of the Apes 2017 full HD on Primewire Free,https://primewire.mx/movie/watch-war-for-the-planet-of-the-apes-online-19479,0,1601-01-01T00:00:00-08:00
Watch Warhorse One 2023 full HD on Primewire Free,https://primewire.mx/movie/watch-warhorse-one-online-98071,0,1601-01-01T00:00:00-08:00
Watch Waterworld 1995 full HD on Primewire Free,https://primewire.mx/movie/watch-waterworld-online-19284,0,1601-01-01T00:00:00-08:00
Watch Wyatt Earp 1994 full HD on Primewire Free,https://primewire.mx/movie/watch-wyatt-earp-online-17872,0,1601-01-01T00:00:00-08:00
Watch Zack Snyder's Justice League 2021 full HD on Primewire Free,https://primewire.mx/movie/watch-zack-snyders-justice-league-online-67922,0,1601-01-01T00:00:00-08:00
Search results for 'batman' | primewire.mx,https://primewire.mx/search/batman,0,1601-01-01T00:00:00-08:00
Search results for 'finch' | primewire.mx,https://primewire.mx/search/finch,0,1601-01-01T00:00:00-08:00
Search results for 'harry potter' | primewire.mx,https://primewire.mx/search/harry-potter,0,1601-01-01T00:00:00-08:00
Search results for 'hobbit' | primewire.mx,https://primewire.mx/search/hobbit,0,1601-01-01T00:00:00-08:00
Search results for 'lord of the rings' | primewire.mx,https://primewire.mx/search/lord-of-the-rings,0,1601-01-01T00:00:00-08:00
Search results for 'narnia' | primewire.mx,https://primewire.mx/search/narnia,0,1601-01-01T00:00:00-08:00
Search results for 'of the apes' | primewire.mx,https://primewire.mx/search/of-the-apes,0,1601-01-01T00:00:00-08:00
Search results for 'world war' | primewire.mx,https://primewire.mx/search/world-war,0,1601-01-01T00:00:00-08:00
Watch The Civil War full HD on Primewire Free,https://primewire.mx/tv/watch-the-civil-war-online-36558,0,1601-01-01T00:00:00-08:00
Watch The Pacific full HD on Primewire Free,https://primewire.mx/tv/watch-the-pacific-online-37988,0,1601-01-01T00:00:00-08:00
Watch The War full HD on Primewire Free,https://primewire.mx/tv/watch-the-war-online-31534,0,1601-01-01T00:00:00-08:00
Watch Born to Be Wild 2011 full HD on Primewire Free,https://primewire.mx/watch-movie/watch-born-to-be-wild-online-15587.2509375,0,1601-01-01T00:00:00-08:00
Watch Close Encounters of the Third Kind 1977 full HD on Primewire Free,https://primewire.mx/watch-movie/watch-close-encounters-of-the-third-kind-online-19447.5297848,0,1601-01-01T00:00:00-08:00
Watch The River Wild 2023 full HD on Primewire Free,https://primewire.mx/watch-movie/watch-the-river-wild-online-98806.9793978,0,1601-01-01T00:00:00-08:00
Watch Vanished in Yosemite 2023 full HD on Primewire Free,https://primewire.mx/watch-movie/watch-vanished-in-yosemite-online-99811.9887860,0,1601-01-01T00:00:00-08:00
Watch The Vietnam War Season 1 Episode 1: Déjà Vu (1858-1961) full HD on Primewire Free,https://primewire.mx/watch-tv/watch-the-vietnam-war-online-36988.5147083,0,1601-01-01T00:00:00-08:00
Log In | Live Cams Community | Stripchat,https://stripchat.com/login,0,1601-01-01T00:00:00-08:00
Lesbian Cum in Her Mouth - Bing images,https://www.bing.com/images/search?q=Lesbian+Cum+in+Her+Mouth&mmreqh=Y9sthmJpe0ZpYYioke77vWotd7F9lw0%2bXsY5CKFX1dU%3d&form=IDINTS&first=1,0,1601-01-01T00:00:00-08:00
Mom and Daughter at Nude Beach - Search,https://www.bing.com/images/search?view=detailV2&ccid=37NNbr0u&id=97C5B25609EC4FE99CFA2DAC61DA94BAB4F96C44&thid=OIP.37NNbr0uYqwg57m8HF-mzAHaLG&mediaurl=https%3A%2F%2Fi.etsystatic.com%2F9844437%2Fr%2Fil%2Fa1dba2%2F1576454472%2Fil_794xN.1576454472_65sj.jpg&exph=1190&expw=794&q=Mom+and+Daughter+at+Nude+Beach&form=IRPRST&ck=214C55B0AEC0BA5E6A14E2919878B9B9&selectedindex=32&adtq=1&ajaxhist=0&ajaxserp=0&vt=0&sim=11&simid=608008773759624405&iss=VSI&pivotparams=insightsToken%3Dccid_MMonYXbK*cp_69C54E21C7DED654370AA2A81036E350*mid_B0468888AB7291F162F2FFA1D0D205168E844B36*simid_608034698180698080*thid_OIP.MMonYXbK2dzi0qAr1VaMhgHaNK&cdnurl=https%3A%2F%2Fth.bing.com%2Fth%2Fid%2FR.dfb34d6ebd2e62ac20e7b9bc1c5fa6cc%3Frik%3DRGz5tLqU2mGsLQ%26pid%3DImgRaw%26r%3D0,0,1601-01-01T00:00:00-08:00
mom and sister - Search,"https://www.bing.com/images/search?view=detailV2&ccid=4BynU%2F1F&id=70460208B14D6E172A54B9D8CCDDC0DB51C4DAFA&thid=OIP.4BynU_1FFvrgQOLAWeK2qgHaJ4&mediaurl=https%3A%2F%2F2.bp.blogspot.com%2F-0WUGu-YOopg%2FTcYIDAX9h_I%2FAAAAAAAADKg%2FgqHJ9u0Bo68%2Fs1600%2FIMG_1941.JPG&exph=1600&expw=1200&q=mom+and+sister&simid=608038490629472844&form=IRPRST&ck=9FFC02BF4A032EAE22F8AE7F324F33DE&selectedindex=30&ajaxhist=0&ajaxserp=0&vt=0&sim=15,0&iss=VSI&cdnurl=https%3A%2F%2Fth.bing.com%2Fth%2Fid%2FR.e01ca753fd4516fae040e2c059e2b6aa%3Frik%3D%252btrEUdvA3czYuQ%26pid%3DImgRaw%26r%3D0",0,1601-01-01T00:00:00-08:00
Mon and Daighter - Bing,https://www.bing.com/images/search?view=detailV2&ccid=6h1CSfPE&id=F04971685577EDE84A86BAEA21B67F9BC6FB2618&thid=OIP.6h1CSfPEqZ12tRN2s6dBagHaLH&mediaurl=https%3A%2F%2Fth.bing.com%2Fth%2Fid%2FR.ea1d4249f3c4a99d76b51376b3a7416a%3Frik%3DGCb7xpt%252ftiHqug%26riu%3Dhttp%253a%252f%252f2.bp.blogspot.com%252f-Y7DUrrRDQZU%252fU86BCyhBBdI%252fAAAAAAAACfM%252f-OaQ__5l1Ek%252fs1600%252fRein%252bpre-3.jpg%26ehk%3DtZIS0UzUtv0J3IO1vsBpihvb2WRSTmnylUAn6vahTLk%253d%26risl%3D%26pid%3DImgRaw%26r%3D0&exph=1600&expw=1066&q=Mon+and+Daighter&simid=608035209244579535&form=IRPRST&ck=D8CCEA675C1264FE303691B8225931E0&selectedindex=19&ajaxhist=0&ajaxserp=0&vt=0&sim=11&iss=VSI,0,1601-01-01T00:00:00-08:00
Naked Mom Daughter Nude Family - Bing,https://www.bing.com/images/search?view=detailV2&ccid=TUgiDX8h&id=C39D8A4BFAF041D4F1E76FD773C1CB3BD5CB77FF&thid=OIP.TUgiDX8hx5mc9E67wcDbDQHaFj&mediaurl=https%3A%2F%2Flive.staticflickr.com%2F4586%2F38265607451_06857b2874_b.jpg&exph=768&expw=1024&q=Naked+Mom+Daughter+Nude+Family&form=IRPRST&ck=AB97359673AF5ED420A97482C345AFAF&selectedindex=18&adtq=1&ajaxhist=0&ajaxserp=0&pivotparams=insightsToken%3Dccid_1dxsd%252F8M*cp_CA98DD2B4B4F3CCAD7B0EADDF417584D*mid_E4F4A3E6A60FE53389587DD8645D582911D6A6A5*simid_608014039383935699*thid_OIP.1dxsd!_8M8FoF!_ZEQs7MG5QAAAA&vt=0&sim=11&iss=VSI&simid=608013962038813541&cdnurl=https%3A%2F%2Fth.bing.com%2Fth%2Fid%2FR.4d48220d7f21c7999cf44ebbc1c0db0d%3Frik%3D%252f3fL1TvLwXPXbw%26pid%3DImgRaw%26r%3D0,0,1601-01-01T00:00:00-08:00
AI girl - Bing,https://www.bing.com/images/search?view=detailV2&ccid=UgGFw98y&id=F7E65D41E837BEB8FE928B27FD67622F36670492&thid=OIP.UgGFw98yOzjwdVYTVOqbVwHaJn&mediaurl=https%3A%2F%2Fi.pinimg.com%2F736x%2Ffa%2F28%2F7a%2Ffa287abb67652dd3fdc6b3e48f839af5.jpg&exph=956&expw=736&q=AI+girl&form=IRPRST&ck=6E55EA209C6EF4E53915819A7941AC1A&selectedindex=0&vt=0&sim=11&pivotparams=insightsToken%3Dccid_Dnh5JnDN*cp_C4F027122C5C9248F35E7BC9B86EBFB5*mid_F7E65D41E837BEB8FE92BFCC79EF019ACF98774E*simid_608055271049534819*thid_OIP.Dnh5JnDNl!_GmVIAQmFJm0wHaJo&iss=VSI&simid=608027001593232733&cdnurl=https%3A%2F%2Fth.bing.com%2Fth%2Fid%2FR.520185c3df323b38f075561354ea9b57%3Frik%3DkgRnNi9iZ%252f0niw%26pid%3DImgRaw%26r%3D0,0,1601-01-01T00:00:00-08:00
Unique Mother Daughter Portraits - Search,https://www.bing.com/images/search?view=detailV2&ccid=oAjpHaB1&id=0694B6134CD03BFF8BD20619ECC355ACA999471C&thid=OIP.oAjpHaB1FKGtkvfqxFw6-QHaKX&mediaurl=https%3A%2F%2Fi.pinimg.com%2Foriginals%2Fc8%2F56%2F8e%2Fc8568e830be3d9c7e7f1bb0c560847d6.jpg&exph=4400&expw=3143&q=Unique+Mother+Daughter+Portraits&form=IRPRST&ck=A81C5185A519E80B1F7D574C65244547&selectedindex=25&ajaxhist=0&ajaxserp=0&vt=2&sim=11&iss=VSI&cdnurl=https%3A%2F%2Fth.bing.com%2Fth%2Fid%2FR.a008e91da07514a1ad92f7eac45c3af9%3Frik%3DHEeZqaxVw%252bwZBg%26pid%3DImgRaw%26r%3D0&simid=608005509578389464&pivotparams=insightsToken%3Dccid_vvrEOdtW*cp_A56FCBC7988CA27F82C728A7C66BF73A*mid_C477A8D71DA97932155C7461217FBF9DD7AC9558*simid_608046397640166913*thid_OIP.vvrEOdtW4O660AL2DbqgeQHaLF,0,1601-01-01T00:00:00-08:00
Family Portraits mother daughter - Bing,https://www.bing.com/images/search?view=detailV2&ccid=pkyCGyHf&id=B83B2C8C15DB77E1026F586125326E022363BC4F&thid=OIF.ZZOw8R9b2Hp2cKDoZoTbxQ&mediaurl=https%3A%2F%2Fimg.freepik.com%2Ffree-photo%2Fpregnant-mother-with-teen-daughter-husband-family-studio-portrait-brown-background_155003-11421.jpg&exph=626&expw=417&q=Family+Portraits+mother+daughter&simid=7002183446451&form=IRPRST&ck=6593B0F11F5BD87A7670A0E86684DBC5&selectedindex=331&vt=2&sim=11&cdnurl=https%3A%2F%2Fth.bing.com%2Fth%2Fid%2FR.a64c821b21df047aeef26cd9697daa7c%3Frik%3D%26pid%3DImgRaw%26r%3D0,0,1601-01-01T00:00:00-08:00
Free Lesbo Blind Date Porn Video - Ebony 8,https://www.ebony8.com/videos/221899/lesbo-blind-date/,0,1601-01-01T00:00:00-08:00
Railfan Depot | Facebook,https://www.facebook.com/RailfanDepot/videos,0,1601-01-01T00:00:00-08:00
Log into Facebook,https://www.facebook.com/login/,0,1601-01-01T00:00:00-08:00
Porn Compilations videos - TNAFLIX.COM,"https://www.tnaflix.com/porn-compilations/featured/?a=1&f=shemale,&d=all",0,1601-01-01T00:00:00-08:00
YouTube,https://youtube.com/,0,1601-01-01T00:00:00-08:00
