﻿ID,Name,Type,URL,DateAdded
408,Vintage Squirting Compilation Free Sex Videos - Watch Beautiful and Exciting Vintage Squirting Compilation Porn at anybunny.com,url,https://anybunny.org/itm/vintage_squirting_compilation,2023-11-08T18:37:56.007873-08:00
406,Free Lesbo Blind Date Porn Video - Ebony 8,url,https://www.ebony8.com/videos/221899/lesbo-blind-date/,2023-11-07T22:32:28.150364-08:00
404,Naked Mom Daughter Nude Family - Bing,url,https://www.bing.com/images/search?view=detailV2&ccid=TUgiDX8h&id=C39D8A4BFAF041D4F1E76FD773C1CB3BD5CB77FF&thid=OIP.TUgiDX8hx5mc9E67wcDbDQHaFj&mediaurl=https%3A%2F%2Flive.staticflickr.com%2F4586%2F38265607451_06857b2874_b.jpg&exph=768&expw=1024&q=Naked+Mom+Daughter+Nude+Family&form=IRPRST&ck=AB97359673AF5ED420A97482C345AFAF&selectedindex=18&adtq=1&ajaxhist=0&ajaxserp=0&pivotparams=insightsToken%3Dccid_1dxsd%252F8M*cp_CA98DD2B4B4F3CCAD7B0EADDF417584D*mid_E4F4A3E6A60FE53389587DD8645D582911D6A6A5*simid_608014039383935699*thid_OIP.1dxsd!_8M8FoF!_ZEQs7MG5QAAAA&vt=0&sim=11&iss=VSI&simid=608013962038813541&cdnurl=https%3A%2F%2Fth.bing.com%2Fth%2Fid%2FR.4d48220d7f21c7999cf44ebbc1c0db0d%3Frik%3D%252f3fL1TvLwXPXbw%26pid%3DImgRaw%26r%3D0,2023-11-06T23:02:07.422734-08:00
403,Compilation Lesbians Creamy Squirting In Mouth Free Sex Videos - Watch Beautiful and Exciting Compilation Lesbians Creamy Squirting In Mouth Porn at anybunny.com,url,https://anybunny.org/itm/compilation_lesbians_creamy_squirting_in_mouth,2023-11-06T22:37:55.811783-08:00
402,Lesbian Cum in Her Mouth - Bing images,url,https://www.bing.com/images/search?q=Lesbian+Cum+in+Her+Mouth&mmreqh=Y9sthmJpe0ZpYYioke77vWotd7F9lw0%2bXsY5CKFX1dU%3d&form=IDINTS&first=1,2023-11-06T22:36:59.74737-08:00
400,Watch Teen Wolf: The Movie 2023 full HD on Primewire Free,url,https://primewire.mx/movie/watch-teen-wolf-the-movie-online-92563,2023-11-03T08:31:43.216548-07:00
399,Watch Warhorse One 2023 full HD on Primewire Free,url,https://primewire.mx/movie/watch-warhorse-one-online-98071,2023-11-03T08:29:17.064906-07:00
397,Mom and Daughter at Nude Beach - Bing,url,https://www.bing.com/images/search?view=detailV2&ccid=37NNbr0u&id=97C5B25609EC4FE99CFA2DAC61DA94BAB4F96C44&thid=OIP.37NNbr0uYqwg57m8HF-mzAHaLG&mediaurl=https%3A%2F%2Fi.etsystatic.com%2F9844437%2Fr%2Fil%2Fa1dba2%2F1576454472%2Fil_794xN.1576454472_65sj.jpg&exph=1190&expw=794&q=Mom+and+Daughter+at+Nude+Beach&form=IRPRST&ck=214C55B0AEC0BA5E6A14E2919878B9B9&selectedindex=32&adtq=1&ajaxhist=0&ajaxserp=0&vt=0&sim=11&simid=608008773759624405&iss=VSI&pivotparams=insightsToken%3Dccid_MMonYXbK*cp_69C54E21C7DED654370AA2A81036E350*mid_B0468888AB7291F162F2FFA1D0D205168E844B36*simid_608034698180698080*thid_OIP.MMonYXbK2dzi0qAr1VaMhgHaNK&cdnurl=https%3A%2F%2Fth.bing.com%2Fth%2Fid%2FR.dfb34d6ebd2e62ac20e7b9bc1c5fa6cc%3Frik%3DRGz5tLqU2mGsLQ%26pid%3DImgRaw%26r%3D0,2023-10-31T02:20:04.545608-07:00
396,In same serie with 171725696,url,https://depositphotos.com/serie/171725696.html,2023-10-31T02:09:06.888079-07:00
394,Unique Mother Daughter Portraits - Search,url,https://www.bing.com/images/search?view=detailV2&ccid=oAjpHaB1&id=0694B6134CD03BFF8BD20619ECC355ACA999471C&thid=OIP.oAjpHaB1FKGtkvfqxFw6-QHaKX&mediaurl=https%3A%2F%2Fi.pinimg.com%2Foriginals%2Fc8%2F56%2F8e%2Fc8568e830be3d9c7e7f1bb0c560847d6.jpg&exph=4400&expw=3143&q=Unique+Mother+Daughter+Portraits&form=IRPRST&ck=A81C5185A519E80B1F7D574C65244547&selectedindex=25&ajaxhist=0&ajaxserp=0&vt=2&sim=11&iss=VSI&cdnurl=https%3A%2F%2Fth.bing.com%2Fth%2Fid%2FR.a008e91da07514a1ad92f7eac45c3af9%3Frik%3DHEeZqaxVw%252bwZBg%26pid%3DImgRaw%26r%3D0&simid=608005509578389464&pivotparams=insightsToken%3Dccid_vvrEOdtW*cp_A56FCBC7988CA27F82C728A7C66BF73A*mid_C477A8D71DA97932155C7461217FBF9DD7AC9558*simid_608046397640166913*thid_OIP.vvrEOdtW4O660AL2DbqgeQHaLF,2023-10-30T20:58:48.056358-07:00
393,Watch Close Encounters of the Third Kind 1977 full HD on Primewire Free,url,https://primewire.mx/watch-movie/watch-close-encounters-of-the-third-kind-online-19447.5297848,2023-10-30T09:16:46.71986-07:00
392,Watch Close Encounters of the Third Kind 1977 full HD on Primewire Free,url,https://primewire.mx/movie/watch-close-encounters-of-the-third-kind-online-19447,2023-10-30T09:16:23.232039-07:00
390,Family Portraits mother daughter - Bing,url,https://www.bing.com/images/search?view=detailV2&ccid=pkyCGyHf&id=B83B2C8C15DB77E1026F586125326E022363BC4F&thid=OIF.ZZOw8R9b2Hp2cKDoZoTbxQ&mediaurl=https%3A%2F%2Fimg.freepik.com%2Ffree-photo%2Fpregnant-mother-with-teen-daughter-husband-family-studio-portrait-brown-background_155003-11421.jpg&exph=626&expw=417&q=Family+Portraits+mother+daughter&simid=7002183446451&form=IRPRST&ck=6593B0F11F5BD87A7670A0E86684DBC5&selectedindex=331&vt=2&sim=11&cdnurl=https%3A%2F%2Fth.bing.com%2Fth%2Fid%2FR.a64c821b21df047aeef26cd9697daa7c%3Frik%3D%26pid%3DImgRaw%26r%3D0,2023-10-29T21:34:10.085559-07:00
388,mom and sister - Search,url,"https://www.bing.com/images/search?view=detailV2&ccid=4BynU%2F1F&id=70460208B14D6E172A54B9D8CCDDC0DB51C4DAFA&thid=OIP.4BynU_1FFvrgQOLAWeK2qgHaJ4&mediaurl=https%3A%2F%2F2.bp.blogspot.com%2F-0WUGu-YOopg%2FTcYIDAX9h_I%2FAAAAAAAADKg%2FgqHJ9u0Bo68%2Fs1600%2FIMG_1941.JPG&exph=1600&expw=1200&q=mom+and+sister&simid=608038490629472844&form=IRPRST&ck=9FFC02BF4A032EAE22F8AE7F324F33DE&selectedindex=30&ajaxhist=0&ajaxserp=0&vt=0&sim=15,0&iss=VSI&cdnurl=https%3A%2F%2Fth.bing.com%2Fth%2Fid%2FR.e01ca753fd4516fae040e2c059e2b6aa%3Frik%3D%252btrEUdvA3czYuQ%26pid%3DImgRaw%26r%3D0",2023-10-28T22:41:22.071892-07:00
386,Mon and Daighter - Bing,url,https://www.bing.com/images/search?view=detailV2&ccid=6h1CSfPE&id=F04971685577EDE84A86BAEA21B67F9BC6FB2618&thid=OIP.6h1CSfPEqZ12tRN2s6dBagHaLH&mediaurl=https%3A%2F%2Fth.bing.com%2Fth%2Fid%2FR.ea1d4249f3c4a99d76b51376b3a7416a%3Frik%3DGCb7xpt%252ftiHqug%26riu%3Dhttp%253a%252f%252f2.bp.blogspot.com%252f-Y7DUrrRDQZU%252fU86BCyhBBdI%252fAAAAAAAACfM%252f-OaQ__5l1Ek%252fs1600%252fRein%252bpre-3.jpg%26ehk%3DtZIS0UzUtv0J3IO1vsBpihvb2WRSTmnylUAn6vahTLk%253d%26risl%3D%26pid%3DImgRaw%26r%3D0&exph=1600&expw=1066&q=Mon+and+Daighter&simid=608035209244579535&form=IRPRST&ck=D8CCEA675C1264FE303691B8225931E0&selectedindex=19&ajaxhist=0&ajaxserp=0&vt=0&sim=11&iss=VSI,2023-10-27T22:43:02.614163-07:00
384,"Internet Archive: Digital Library of Free & Borrowable Books, Movies, Music & Wayback Machine",url,https://archive.org/search?query=+++++++++++++++++++++++++++++++++++++++++++++Game+Of+Thrones&page=21&and%5B%5D=mediatype%3A%22movies%22,2023-10-25T19:34:26.715271-07:00
383,"Duel 1971 : Steven Spielberg : Free Download, Borrow, and Streaming : Internet Archive",url,https://archive.org/details/duel-1971_202008/Duel+.mkv,2023-10-25T09:51:06.167998-07:00
382,"Internet Archive: Digital Library of Free & Borrowable Books, Movies, Music & Wayback Machine",url,https://archive.org/,2023-10-25T09:26:51.936231-07:00
381,Watch The Car 1977 full HD on Primewire Free,url,https://primewire.mx/movie/watch-the-car-online-11657,2023-10-25T09:17:46.456014-07:00
379,Railfan Depot | Facebook,url,https://www.facebook.com/RailfanDepot/videos,2023-10-18T10:48:11.809985-07:00
377,Watch Maximum Overdrive 1986 full HD on Primewire Free,url,https://primewire.mx/movie/watch-maximum-overdrive-online-17121,2023-10-17T06:37:33.019606-07:00
376,Watch MacArthur 1977 full HD on Primewire Free,url,https://primewire.mx/movie/watch-macarthur-online-1707,2023-10-17T06:32:05.21476-07:00
375,Watch Iron Eagle 1986 full HD on Primewire Free,url,https://primewire.mx/movie/watch-iron-eagle-online-13614,2023-10-17T06:31:53.870731-07:00
374,Watch Rambo III 1988 full HD on Primewire Free,url,https://primewire.mx/movie/watch-rambo-iii-online-18836,2023-10-17T06:16:56.663254-07:00
373,Watch Full Metal Jacket 1987 full HD on Primewire Free,url,https://primewire.mx/movie/watch-full-metal-jacket-online-19055,2023-10-17T06:16:51.295807-07:00
372,Watch Hamburger Hill 1987 full HD on Primewire Free,url,https://primewire.mx/movie/watch-hamburger-hill-online-16260,2023-10-17T06:16:47.095437-07:00
371,Watch Platoon 1986 full HD on Primewire Free,url,https://primewire.mx/movie/watch-platoon-online-18474,2023-10-17T06:16:40.726312-07:00
370,Watch Memphis Belle 1990 full HD on Primewire Free,url,https://primewire.mx/movie/watch-memphis-belle-online-57908,2023-10-17T06:16:35.334317-07:00
369,Watch Pearl Harbor 2001 full HD on Primewire Free,url,https://primewire.mx/movie/watch-pearl-harbor-online-18422,2023-10-17T06:16:28.806367-07:00
368,Watch The Pianist 2002 full HD on Primewire Free,url,https://primewire.mx/movie/watch-the-pianist-online-19205,2023-10-17T06:16:22.822273-07:00
367,Watch Jarhead 2005 full HD on Primewire Free,url,https://primewire.mx/movie/watch-jarhead-online-13036,2023-10-17T06:16:18.574698-07:00
366,Watch The Pacific full HD on Primewire Free,url,https://primewire.mx/tv/watch-the-pacific-online-37988,2023-10-17T06:16:14.054287-07:00
365,Watch 1944 2015 full HD on Primewire Free,url,https://primewire.mx/movie/watch-1944-online-766,2023-10-17T06:16:08.48661-07:00
364,Watch Hacksaw Ridge 2016 full HD on Primewire Free,url,https://primewire.mx/movie/watch-hacksaw-ridge-online-19674,2023-10-17T06:16:02.294435-07:00
362,Watch Wyatt Earp 1994 full HD on Primewire Free,url,https://primewire.mx/movie/watch-wyatt-earp-online-17872,2023-10-15T10:03:56.589414-07:00
361,Watch Man of Steel 2013 full HD on Primewire Free,url,https://primewire.mx/movie/watch-man-of-steel-online-19606,2023-10-15T10:03:33.445297-07:00
360,Watch Open Range 2003 full HD on Primewire Free,url,https://primewire.mx/movie/watch-open-range-online-17730,2023-10-15T10:03:13.725011-07:00
358,Watch King Kong 2005 full HD on Primewire Free,url,https://primewire.mx/movie/watch-king-kong-online-19256,2023-10-11T07:48:32.517586-07:00
357,Watch Rise of the Planet of the Apes 2011 full HD on Primewire Free,url,https://primewire.mx/movie/watch-rise-of-the-planet-of-the-apes-online-19216,2023-10-11T07:47:43.885948-07:00
356,Watch Dawn of the Planet of the Apes 2014 full HD on Primewire Free,url,https://primewire.mx/movie/watch-dawn-of-the-planet-of-the-apes-online-19276,2023-10-11T07:47:29.358463-07:00
355,Watch War for the Planet of the Apes 2017 full HD on Primewire Free,url,https://primewire.mx/movie/watch-war-for-the-planet-of-the-apes-online-19479,2023-10-11T07:46:13.070731-07:00
353,Watch Homeward Bound: The Incredible Journey 1993 full HD on Primewire Free,url,https://primewire.mx/movie/watch-homeward-bound-the-incredible-journey-online-53648,2023-10-09T07:32:50.951146-07:00
352,Watch Homeward Bound II: Lost in San Francisco 1996 full HD on Primewire Free,url,https://primewire.mx/movie/watch-homeward-bound-ii-lost-in-san-francisco-online-53649,2023-10-09T07:28:19.850106-07:00
351,Watch Casualties of War 1989 full HD on Primewire Free,url,https://primewire.mx/movie/watch-casualties-of-war-online-12319,2023-10-09T07:26:34.062853-07:00
349,Watch The War full HD on Primewire Free,url,https://primewire.mx/tv/watch-the-war-online-31534,2023-10-07T09:44:55.704776-07:00
347,Watch Battle for the Planet of the Apes 1973 full HD on Primewire Free,url,https://primewire.mx/movie/watch-battle-for-the-planet-of-the-apes-online-13227,2023-10-05T08:29:58.208367-07:00
346,Watch Conquest of the Planet of the Apes 1972 full HD on Primewire Free,url,https://primewire.mx/movie/watch-conquest-of-the-planet-of-the-apes-online-11493,2023-10-05T08:29:52.032444-07:00
345,Watch Escape from the Planet of the Apes 1971 full HD on Primewire Free,url,https://primewire.mx/movie/watch-escape-from-the-planet-of-the-apes-online-11518,2023-10-05T08:29:47.136315-07:00
344,Watch Beneath the Planet of the Apes 1970 full HD on Primewire Free,url,https://primewire.mx/movie/watch-beneath-the-planet-of-the-apes-online-12961,2023-10-05T08:29:35.792572-07:00
343,Watch Planet of the Apes 1968 full HD on Primewire Free,url,https://primewire.mx/movie/watch-planet-of-the-apes-online-18054,2023-10-05T08:29:26.816738-07:00
342,Search results for 'of the apes' | primewire.mx,url,https://primewire.mx/search/of-the-apes,2023-10-05T08:27:46.353366-07:00
339,AI girl - Bing,url,https://www.bing.com/images/search?view=detailV2&ccid=UgGFw98y&id=F7E65D41E837BEB8FE928B27FD67622F36670492&thid=OIP.UgGFw98yOzjwdVYTVOqbVwHaJn&mediaurl=https%3A%2F%2Fi.pinimg.com%2F736x%2Ffa%2F28%2F7a%2Ffa287abb67652dd3fdc6b3e48f839af5.jpg&exph=956&expw=736&q=AI+girl&form=IRPRST&ck=6E55EA209C6EF4E53915819A7941AC1A&selectedindex=0&vt=0&sim=11&pivotparams=insightsToken%3Dccid_Dnh5JnDN*cp_C4F027122C5C9248F35E7BC9B86EBFB5*mid_F7E65D41E837BEB8FE92BFCC79EF019ACF98774E*simid_608055271049534819*thid_OIP.Dnh5JnDNl!_GmVIAQmFJm0wHaJo&iss=VSI&simid=608027001593232733&cdnurl=https%3A%2F%2Fth.bing.com%2Fth%2Fid%2FR.520185c3df323b38f075561354ea9b57%3Frik%3DkgRnNi9iZ%252f0niw%26pid%3DImgRaw%26r%3D0,2023-10-04T05:19:56.366953-07:00
337,Watch The Secret Kingdom 2023 full HD on Primewire Free,url,https://primewire.mx/movie/watch-the-secret-kingdom-online-97438,2023-10-03T05:59:27.327969-07:00
331,Watch Back to the Future Part III 1990 full HD on Primewire Free,url,https://primewire.mx/movie/watch-back-to-the-future-part-iii-online-17993,2023-10-01T10:31:41.210212-07:00
330,Watch Back to the Future Part II 1989 full HD on Primewire Free,url,https://primewire.mx/movie/watch-back-to-the-future-part-ii-online-18231,2023-10-01T10:31:29.514345-07:00
329,Watch Back to the Future 1985 full HD on Primewire Free,url,https://primewire.mx/movie/watch-back-to-the-future-online-19554,2023-10-01T10:31:19.95422-07:00
327,Watch Anna Popplewell Movies and Series Online Free - Watch Free Movies Online,url,https://primewire.mx/cast/anna-popplewell,2023-09-28T08:37:20.665578-07:00
325,Porn Compilations videos - TNAFLIX.COM,url,"https://www.tnaflix.com/porn-compilations/featured/?a=1&f=shemale,&d=all",2023-09-27T22:40:50.306094-07:00
323,"Free Ladyboy Porn - Watch exclusive ladyboy, shemale & tranny porn videos.",url,https://ladyboyfreeporn.com/,2023-09-26T03:40:57.405325-07:00
322,Pomf.TV - Streaming with almost no limitations!,url,https://pomf.tv/streamhistory/Butters944/61142,2023-09-25T23:43:07.554218-07:00
321,Pomf.TV - Streaming with almost no limitations!,url,https://pomf.tv/streamhistory/Butters944/60734,2023-09-25T23:43:01.818321-07:00
320,Pomf.TV - Streaming with almost no limitations!,url,https://pomf.tv/streamhistory/Butters944/,2023-09-25T23:42:39.882153-07:00
319,Pomf.TV - Streaming with almost no limitations!,url,https://pomf.tv/streamhistory/Butters944/60657,2023-09-25T23:42:31.23474-07:00
313,Watch Morgan Freeman Movies and Series Online Free - Watch Free Movies Online,url,https://primewire.mx/cast/morgan-freeman?page=2,2023-09-21T08:19:46.017587-07:00
312,Watch The Dark Knight 2008 full HD on Primewire Free,url,https://primewire.mx/movie/watch-the-dark-knight-online-19752,2023-09-21T08:17:34.515068-07:00
311,Watch The Civil War full HD on Primewire Free,url,https://primewire.mx/tv/watch-the-civil-war-online-36558,2023-09-21T08:17:26.378918-07:00
309,Berry AI 🍓 (@nelibot@pawoo.net) - Pawoo - 創作活動や自由なコミュニケーションを楽しめる場,url,https://pawoo.net/@nelibot,2023-09-19T05:38:46.113091-07:00
307,Watch Fantastic Beasts and Where to Find Them 2016 full HD on Primewire Free,url,https://primewire.mx/movie/watch-fantastic-beasts-and-where-to-find-them-online-19695,2023-09-16T10:11:50.461068-07:00
306,Watch Fantastic Beasts: The Crimes of Grindelwald 2018 full HD on Primewire Free,url,https://primewire.mx/movie/watch-fantastic-beasts-the-crimes-of-grindelwald-online-19821,2023-09-16T10:11:05.356737-07:00
287,Watch Fantastic Beasts: The Secrets of Dumbledore 2022 full HD on Primewire Free,url,https://primewire.mx/movie/watch-fantastic-beasts-the-secrets-of-dumbledore-online-76075,2023-09-09T10:46:47.892672-07:00
286,Watch The School for Good and Evil 2022 full HD on Primewire Free,url,https://primewire.mx/movie/watch-the-school-for-good-and-evil-online-89332,2023-09-09T10:45:48.868952-07:00
284,Watch Strays 2023 full HD on Primewire Free,url,https://primewire.mx/movie/watch-strays-online-99949,2023-09-07T09:02:19.695864-07:00
279,Watch Vanished in Yosemite 2023 full HD on Primewire Free,url,https://primewire.mx/watch-movie/watch-vanished-in-yosemite-online-99811.9887860,2023-09-02T08:10:15.324998-07:00
243,Watch The Vietnam War Season 1 Episode 1: Déjà Vu (1858-1961) full HD on Primewire Free,url,https://primewire.mx/watch-tv/watch-the-vietnam-war-online-36988.5147083,2023-08-30T04:32:49.509055-07:00
234,Watch Waterworld 1995 full HD on Primewire Free,url,https://primewire.mx/movie/watch-waterworld-online-19284,2023-08-25T08:23:18.554186-07:00
233,Watch Kevin Costner Movies and Series Online Free - Watch Free Movies Online,url,https://primewire.mx/cast/kevin-costner,2023-08-25T08:22:53.474381-07:00
228,Watch Avatar: The Way of Water 2022 full HD on Primewire Free,url,https://primewire.mx/movie/watch-avatar-the-way-of-water-online-79936,2023-08-24T09:36:36.051787-07:00
222,Watch Morgan Freeman Movies and Series Online Free - Watch Free Movies Online,url,https://primewire.mx/cast/morgan-freeman,2023-08-23T08:11:33.224019-07:00
204,Search results for 'finch' | primewire.mx,url,https://primewire.mx/search/finch,2023-08-16T04:03:11.035468-07:00
182,Watch The Hobbit: The Desolation of Smaug 2013 full HD on Primewire Free,url,https://primewire.mx/movie/watch-the-hobbit-the-desolation-of-smaug-online-19551,2023-08-14T09:37:12.542742-07:00
181,Watch The Hobbit: An Unexpected Journey 2012 full HD on Primewire Free,url,https://primewire.mx/movie/watch-the-hobbit-an-unexpected-journey-online-19639,2023-08-14T09:37:04.726994-07:00
180,Watch The Lord of the Rings: The Return of the King 2003 full HD on Primewire Free,url,https://primewire.mx/movie/watch-the-lord-of-the-rings-the-return-of-the-king-online-19681,2023-08-14T09:34:01.743893-07:00
179,Watch The Lord of the Rings: The Two Towers 2002 full HD on Primewire Free,url,https://primewire.mx/movie/watch-the-lord-of-the-rings-the-two-towers-online-19670,2023-08-14T09:33:17.342998-07:00
178,Watch The Lord of the Rings: The Fellowship of the Ring 2001 full HD on Primewire Free,url,https://primewire.mx/movie/watch-the-lord-of-the-rings-the-fellowship-of-the-ring-online-19736,2023-08-14T09:32:56.21522-07:00
172,Watch The River Wild 2023 full HD on Primewire Free,url,https://primewire.mx/watch-movie/watch-the-river-wild-online-98806.9793978,2023-08-13T09:53:05.002458-07:00
168,Watch The Chronicles of Narnia: Prince Caspian 2008 full HD on Primewire Free,url,https://primewire.mx/movie/watch-the-chronicles-of-narnia-prince-caspian-online-18733,2023-08-12T09:37:12.009182-07:00
118,Watch Oppenheimer 2023 full HD on Primewire Free,url,https://primewire.mx/movie/watch-oppenheimer-online-98446,2023-07-26T08:46:48.718127-07:00
117,Watch The Last Duel 2021 full HD on Primewire Free,url,https://primewire.mx/movie/watch-the-last-duel-online-73276,2023-07-26T08:41:12.926443-07:00
116,Watch Space Pups 2023 full HD on Primewire Free,url,https://primewire.mx/movie/watch-space-pups-online-97573,2023-07-26T08:35:50.781963-07:00
108,Watch Titanic 1997 full HD on Primewire Free,url,https://primewire.mx/movie/watch-titanic-online-19586,2023-07-22T09:49:42.026747-07:00
106,"Watch The Chronicles of Narnia: The Lion, the Witch and the Wardrobe 2005 full HD on Primewire Free",url,https://primewire.mx/movie/watch-the-chronicles-of-narnia-the-lion-the-witch-and-the-wardrobe-online-19545,2023-07-20T09:07:01.487133-07:00
104,Watch Zack Snyder's Justice League 2021 full HD on Primewire Free,url,https://primewire.mx/movie/watch-zack-snyders-justice-league-online-67922,2023-07-12T08:28:27.603496-07:00
102,Nascar cup series шарлотт владимир башмаков даниил квят mp4 hq xxx video,url,https://actionviewphotography.com/watch/-211183989_456239392,2023-07-04T07:04:17.426466-07:00
80,Watch Dances with Wolves 1990 full HD on Primewire Free,url,https://primewire.mx/movie/watch-dances-with-wolves-online-19139,2023-06-19T09:39:13.410855-07:00
66,Watch Born to Be Wild 2011 full HD on Primewire Free,url,https://primewire.mx/watch-movie/watch-born-to-be-wild-online-15587.2509375,2023-06-10T10:42:46.025253-07:00
65,Watch March of the Penguins 2005 full HD on Primewire Free,url,https://primewire.mx/movie/watch-march-of-the-penguins-online-12806,2023-06-10T10:18:26.423176-07:00
64,Watch Batman Begins 2005 full HD on Primewire Free,url,https://primewire.mx/movie/watch-batman-begins-online-19636,2023-06-10T10:18:10.655433-07:00
63,Watch The Dark Knight Rises 2012 full HD on Primewire Free,url,https://primewire.mx/movie/watch-the-dark-knight-rises-online-19661,2023-06-10T10:17:48.079074-07:00
50,Search results for 'batman' | primewire.mx,url,https://primewire.mx/search/batman,2023-06-03T11:14:16.586124-07:00
49,Search results for 'world war' | primewire.mx,url,https://primewire.mx/search/world-war,2023-06-03T11:10:59.239227-07:00
47,Watch Jurassic World Dominion 2022 full HD on Primewire Free,url,https://primewire.mx/movie/watch-jurassic-world-3-online-7096,2023-06-03T11:06:26.954378-07:00
46,Watch The Batman 2022 full HD on Primewire Free,url,https://primewire.mx/movie/watch-the-batman-online-16076,2023-06-03T11:03:48.780058-07:00
17,Log into Facebook,url,https://www.facebook.com/login/,2023-05-13T20:09:09.814023-07:00
15,Search results for 'narnia' | primewire.mx,url,https://primewire.mx/search/narnia,2023-05-11T11:03:48.144828-07:00
14,Search results for 'hobbit' | primewire.mx,url,https://primewire.mx/search/hobbit,2023-05-11T09:54:45.655064-07:00
13,Search results for 'lord of the rings' | primewire.mx,url,https://primewire.mx/search/lord-of-the-rings,2023-05-11T09:20:01.526432-07:00
11,Search results for 'harry potter' | primewire.mx,url,https://primewire.mx/search/harry-potter,2023-05-10T10:05:36.064247-07:00
10,PrimeWire | LetMeWatchThis | 1Channel - Watch Movies and Tv Series Online Free HD Streaming,url,https://primewire.mx/home,2023-05-10T10:04:56.392139-07:00
9,Log In | Live Cams Community | Stripchat,url,https://stripchat.com/login,2023-05-10T07:52:23.564238-07:00
7,Maps,url,https://maps.google.com/,2023-05-10T02:43:45.541376-07:00
6,YouTube,url,https://youtube.com/,2023-05-10T02:43:45.540966-07:00
5,Gmail,url,https://accounts.google.com/b/0/AddMailService,2023-05-10T02:43:45.540153-07:00
3,Mobile bookmarks,folder,,2023-05-10T02:43:37.396138-07:00
2,Other bookmarks,folder,,2023-05-10T02:43:37.396135-07:00
1,Bookmarks bar,folder,,2023-05-10T02:43:37.396134-07:00
