﻿TargetPath,URL,TotalBytes,StartTime,EndTime,MimeType
C:\Users\New User\Downloads\bdsmlr-24792-629MErl0Py.gif,https://lyndseygurl.bdsmlr.com/post/199527465,3183487,2023-08-02T06:27:35.296525-07:00,2023-08-02T06:27:38.092556-07:00,image/gif
C:\Users\New User\Downloads\bdsmlr-24792-sHqJDKtH4K.gif,https://lyndseygurl.bdsmlr.com/post/199527465,1649393,2023-08-02T06:35:39.993676-07:00,2023-08-02T06:35:42.651987-07:00,image/gif
C:\Users\New User\Downloads\celebrity-shemale-emma-watson.jpg,https://justpicsof.com/celebrity-shemale-emma-watson.html,849637,2023-08-02T06:23:03.217895-07:00,2023-08-02T06:23:05.382555-07:00,image/jpeg
C:\Users\New User\Downloads\emma-watson-shemale-fake-nude.jpg,https://justpicsof.com/emma-watson-shemale-fake-nude.html,463748,2023-08-02T06:24:27.682423-07:00,2023-08-02T06:24:30.037492-07:00,image/jpeg
C:\Users\New User\Downloads\383221413_122121327734027513_7872131170172727943_n.jpg,https://www.facebook.com/,250238,2023-10-02T21:19:15.656838-07:00,2023-10-02T21:19:17.667655-07:00,image/jpeg
C:\Users\New User\Downloads\bdsmlr-24792-NLcZPowZAc.jpg,https://lyndseygurl.bdsmlr.com/post/199527465,218684,2023-08-02T06:28:28.529213-07:00,2023-08-02T06:28:32.309542-07:00,image/jpeg
C:\Users\New User\Downloads\791_1000.jpg,https://thumb-p1.xhcdn.com/a/KVC-Yh1tvjS588mQnaaxrg/000/045/225/791_1000.jpg,198431,2023-08-02T06:16:35.038606-07:00,2023-08-02T06:16:37.091898-07:00,image/jpeg
C:\Users\New User\Downloads\bdsmlr-24792-pj5YOzUppy.jpg,https://lyndseygurl.bdsmlr.com/post/199527465,190545,2023-08-02T06:36:08.875856-07:00,2023-08-02T06:36:10.962401-07:00,image/jpeg
C:\Users\New User\Downloads\383427397_122123914496026028_4022348958685489766_n.jpg,https://www.facebook.com/,183246,2023-10-02T21:18:57.658009-07:00,2023-10-02T21:19:00.493772-07:00,image/jpeg
C:\Users\New User\Downloads\bdsmlr-24792-8hoIsQ6dYK.jpg,https://lyndseygurl.bdsmlr.com/post/199527465,149542,2023-08-02T06:33:48.823362-07:00,2023-08-02T06:33:50.958808-07:00,image/jpeg
C:\Users\New User\Downloads\bdsmlr-24792-QveYi5wj5T.jpg,https://lyndseygurl.bdsmlr.com/post/199527465,133545,2023-08-02T06:34:08.494092-07:00,2023-08-02T06:34:10.849197-07:00,image/jpeg
C:\Users\New User\Downloads\378391300_137796139415599_8639796046600986170_n.jpg,https://www.facebook.com/,125419,2023-10-02T21:18:38.867828-07:00,2023-10-02T21:18:41.677034-07:00,image/jpeg
C:\Users\New User\Downloads\bdsmlr-24792-7PtK8C0xAa.jpg,https://lyndseygurl.bdsmlr.com/post/199527465,112908,2023-08-02T06:27:28.961039-07:00,2023-08-02T06:27:31.012357-07:00,image/jpeg
C:\Users\New User\Downloads\385867104_275539652101362_6901054962079359518_n.jpg,https://www.facebook.com/thun4real,107304,2023-10-02T21:25:20.017852-07:00,2023-10-02T21:25:22.032387-07:00,image/jpeg
C:\Users\New User\Downloads\382588019_263132436698411_8305187047322661713_n.jpg,https://www.facebook.com/,101696,2023-10-02T21:29:24.642413-07:00,2023-10-02T21:29:26.472133-07:00,image/jpeg
C:\Users\New User\Downloads\bdsmlr-24792-CA34aScZ86.jpg,https://lyndseygurl.bdsmlr.com/post/199527465,99170,2023-08-02T06:28:16.154535-07:00,2023-08-02T06:28:18.057935-07:00,image/jpeg
C:\Users\New User\Downloads\386364508_275778952077432_3533805542529596264_n.jpg,https://www.facebook.com/thun4real,91411,2023-10-02T21:24:45.539933-07:00,2023-10-02T21:24:48.085867-07:00,image/jpeg
C:\Users\New User\Downloads\295916630_1949978788533663_1576176128342779085_n.jpg,file:///C:/Users/New%20User/Downloads/(1)%20Facebook.html,75457,2023-07-31T19:24:51.972773-07:00,2023-07-31T19:24:55.052915-07:00,image/jpeg
C:\Users\New User\Downloads\383009032_862062831970752_3019730155526486146_n.jpg,https://www.facebook.com/,73672,2023-10-02T21:24:25.683558-07:00,2023-10-02T21:24:27.726484-07:00,image/jpeg
C:\Users\New User\Downloads\699_1000.jpg,https://thumb-p9.xhcdn.com/a/tyY0_59jAa32uSKpWO7A_g/000/357/723/699_1000.jpg,72304,2023-08-02T06:18:20.990623-07:00,2023-08-02T06:18:23.23463-07:00,image/jpeg
C:\Users\New User\Downloads\465_1000.jpg,https://thumb-p5.xhcdn.com/a/QH_jMAkJnTFIo-PVrQ7CSA/000/358/034/465_1000.jpg,69752,2023-08-02T06:18:52.998442-07:00,2023-08-02T06:18:55.253705-07:00,image/jpeg
C:\Users\New User\Downloads\834_450.jpg,https://thumb-p4.xhcdn.com/a/VAjOCB8_gODTuuNXsJ9wlA/000/123/645/834_450.jpg,46951,2023-08-02T06:21:46.028286-07:00,2023-08-02T06:21:48.223477-07:00,image/jpeg
C:\Users\New User\Downloads\miley-cyrus-shopping-groceries-in-los-angeles-04-05-2020-1_thumbnail.jpg,https://tinmoi48h.com/grocery-run-with-miley-cyrus-in-la-a-fun-filled-shopping-adventure/?fbclid=IwAR2JGpDd0U8uNr9uxa0y0hzmYyK4MwwCw6O4wC47oWsjdFgRLGUif5jcLNc,15451,2023-10-02T21:20:06.282073-07:00,2023-10-02T21:20:08.713092-07:00,image/jpeg
