﻿ID,Name,Type,URL,DateAdded
3,Zakładki na komórce,folder,,2023-04-28T19:32:36.842009+02:00
2,Inne zakładki,folder,,2023-04-28T19:32:36.842007+02:00
1,Pasek zakładek,folder,,2023-04-28T19:32:36.841999+02:00
11,Antarktyda,url,https://www.albatros.pl/kierunki-podrozy/antarktyda,2022-06-08T21:37:12.096558+02:00
10,Arktyka - Polarpedia,url,https://polarpedia.eu/pl/arktyka/,2022-06-08T16:48:46.054161+02:00
9,kanadyjskie miasto - Szukaj w Google,url,https://www.google.com/search?q=kanadyjskie+miasto&rlz=1C1CHBD_plPL925PL925&oq=kanadyjskie+miasto+&aqs=chrome..69i57j0i512l6j0i22i30l3.3658j1j9&sourceid=chrome&ie=UTF-8,2022-06-08T16:14:10.165458+02:00
8,,url,chrome://newtab/,2022-05-23T20:09:58.152197+02:00
7,SBM Label - YouTube,url,https://www.youtube.com/c/sbm_label/videos,2022-03-24T19:37:40.491464+01:00
6,"[FREE] Pooh Shiesty x Bigg Scarr - ""Rockstar"" Type Beat - YouTube",url,https://www.youtube.com/watch?v=7rRn80jEoHg,2021-07-31T21:40:14.74998+02:00
5,"[free for profit] juice wrld type beat ""solitude"" - YouTube",url,https://www.youtube.com/watch?v=i0euycIHC1w,2021-07-25T20:00:10.381381+02:00
