﻿Name,Description,Version,HomepageURL
Torrent Scanner,__MSG_extShortDesc__,1.3.0,
__MSG_extName__,__MSG_extDescription__,4.2.7.2439,
__MSG_extName__,__MSG_extDesc__,1.65.0,
__MSG_name__,__MSG_description__,5.13.0,
__MSG_name__,__MSG_description__,5.8.1,
__MSG_extensionName__,__MSG_extensionDescription__,2.0.1,https://github.com/dessant/buster
__MSG_APP_NAME__,__MSG_APP_DESCRIPTION__,1.0.0.6,
__MSG_extName__,__MSG_extIntDesc__,0.0.0.26,
Avira Password Manager,__MSG_extDescription__,2.19.14.4461,
__MSG_extName__,__MSG_extDescription__,4.2.7.2470,
__MSG_extName__,__MSG_extDescription__,4.2.7.2484,
__MSG_appName__,__MSG_appDesc__,1.4.1,
__MSG_appName__,__MSG_appDesc__,0.28.0,
__MSG_appName__,__MSG_appDesc__,0.28.2,
__MSG_extName__,__MSG_extDescription__,4.19.0,
Anti Testportal,Bypass for blur check on testportal.pl(net),4.2.1,
