﻿ID,Name,Type,URL,DateAdded
29,Ceneo,url,https://vivaldi.com/bk/sd-ceneo-pl,2022-11-04T22:12:11.997074+01:00
28,Allegro,url,https://vivaldi.com/bk/allegro-pl-bk,2022-11-04T22:12:11.99704+01:00
27,eBay,url,https://vivaldi.com/bk/ebay-pl-bk,2022-11-04T22:12:11.997015+01:00
26,Amazon,url,https://vivaldi.com/bk/amazon-pl-bk,2022-11-04T22:12:11.99699+01:00
25,AliExpress,url,https://vivaldi.com/bk/ali-pl-bk,2022-11-04T22:12:11.996961+01:00
24,Kayak,url,https://vivaldi.com/bk/kayak-pl,2022-11-04T22:12:11.99693+01:00
23,Expedia,url,https://vivaldi.com/bk/expedia-eu,2022-11-04T22:12:11.996897+01:00
22,Booking.com,url,https://vivaldi.com/bk/booking-pl-bk,2022-11-04T22:12:11.996868+01:00
21,Vivaldi Webmail,url,https://vivaldi.com/bk/sd-webmail,2022-11-04T22:12:11.996839+01:00
20,Możliwości Vivaldi,url,https://vivaldi.com/bk/sd-browser-features-pl,2022-11-04T22:12:11.996777+01:00
19,Vivaldi,folder,,2022-11-04T22:12:11.996766+01:00
18,Bookmarks,folder,,2022-11-04T22:12:11.996753+01:00
17,Vivaldi Game,url,vivaldi://game/,2022-11-04T22:12:11.996713+01:00
16,Vivaldi Community,url,https://vivaldi.com/bk/sd-community-pl,2022-11-04T22:12:11.996673+01:00
15,AccuWeather,url,https://vivaldi.com/bk/sd-accuweather,2022-11-04T22:12:11.996644+01:00
14,Mediaexpert,url,https://vivaldi.com/bk/sd-mediaexpert-pl,2022-11-04T22:12:11.996605+01:00
13,Start.me,url,https://vivaldi.com/bk/sd-startme-pl,2022-11-04T22:12:11.996564+01:00
12,Shopee,url,https://vivaldi.com/bk/sd-shopee-pl,2022-11-04T22:12:11.996522+01:00
11,Eneba,url,https://vivaldi.com/bk/eneba-pl-pl,2022-11-04T22:12:11.996491+01:00
10,AliExpress,url,https://vivaldi.com/bk/aliexpresscom-pl,2022-11-04T22:12:11.996443+01:00
9,Booking.com,url,https://vivaldi.com/bk/bookingcom-pl,2022-11-04T22:12:11.996405+01:00
8,YouTube,url,https://www.youtube.com/,2022-11-04T22:12:11.996365+01:00
7,Allegro,url,https://vivaldi.com/bk/allegro-pl,2022-11-04T22:12:11.996206+01:00
6,Speed Dial,folder,,2022-11-04T22:12:11.996139+01:00
4,Kosz,folder,,2022-11-04T22:12:07.558196+01:00
3,Zakładki na komórce,folder,,2022-11-04T22:12:07.558186+01:00
2,Inne zakładki,folder,,2022-11-04T22:12:07.558176+01:00
1,Zakładki,folder,,2022-11-04T22:12:07.558167+01:00
