﻿IsMeta,URL,Key,Value
true,chrome-extension://dhdgffkkebhmkfjojejmpbldmpobfkfo,,"meta data, value bytes is [8 206 248 239 226 232 238 217 23 16 141 1]"
true,chrome-extension://majdfhpaihoncoakbjgbdhglocklcgno,,"meta data, value bytes is [8 172 146 160 174 138 226 217 23 16 193 16]"
true,https://accounts.google.com,,"meta data, value bytes is [8 215 201 233 215 219 198 217 23 16 45]"
true,https://mail.google.com,,"meta data, value bytes is [8 239 238 140 209 211 198 217 23 16 255 14]"
true,https://www.google.com,,"meta data, value bytes is [8 240 220 192 190 199 198 217 23 16 141 128 1]"
false,,,1
false,chrome-extension://dhdgffkkebhmkfjojejmpbldmpobfkfo,TM_version,4.19.0
false,chrome-extension://dhdgffkkebhmkfjojejmpbldmpobfkfo,wsr_3_0.0005,"{""ts"":1698609159027,""w"":false}"
false,chrome-extension://dhdgffkkebhmkfjojejmpbldmpobfkfo,wsr_3_1,"{""ts"":1698609159025,""w"":false}"
false,chrome-extension://dhdgffkkebhmkfjojejmpbldmpobfkfo,wsr_3_10,"{""ts"":1698609159027,""w"":false}"
false,chrome-extension://majdfhpaihoncoakbjgbdhglocklcgno,activeproxy,nl
false,chrome-extension://majdfhpaihoncoakbjgbdhglocklcgno,api,"{""free"":{""domain"":""https://antpeak.com"",""available"":true},""premium"":{""domain"":""https://goaslen.com"",""available"":true},""nextCheck"":1698690870416}"
false,chrome-extension://majdfhpaihoncoakbjgbdhglocklcgno,appInstallationDate,1696100146538
false,chrome-extension://majdfhpaihoncoakbjgbdhglocklcgno,autoExclude,"{""sites"":[]}"
false,chrome-extension://majdfhpaihoncoakbjgbdhglocklcgno,customProxy,[]
false,chrome-extension://majdfhpaihoncoakbjgbdhglocklcgno,favourite,"{""locations"":[]}"
false,chrome-extension://majdfhpaihoncoakbjgbdhglocklcgno,iconStatus,
false,chrome-extension://majdfhpaihoncoakbjgbdhglocklcgno,incognito,false
false,chrome-extension://majdfhpaihoncoakbjgbdhglocklcgno,loggedIn,false
false,chrome-extension://majdfhpaihoncoakbjgbdhglocklcgno,online,false
false,chrome-extension://majdfhpaihoncoakbjgbdhglocklcgno,proxyManager,"{""status"":""disconnected"",""location"":""""}"
false,chrome-extension://majdfhpaihoncoakbjgbdhglocklcgno,region,"{""id"":""nl"",""group"":""2.24"",""name"":""Amsterdam"",""iso"":""nl"",""flag"":""/images/flags/nl.png"",""type"":0,""proxyType"":0,""active"":true,""phrases"":[""Amsterdam"",""Netherlands"",""NL""],""latency"":0,""offline"":false,""area"":""Netherlands""}"
false,chrome-extension://majdfhpaihoncoakbjgbdhglocklcgno,rmConfig,"{""ab_tests"":{""limit_time"":{""group"":1,""locations"":[""AU"",""CA"",""FR"",""DE"",""IT"",""JP"",""NL"",""SG"",""ES"",""AE"",""GB"",""US""]},""app_banner_side"":{""group"":0,""locations"":[""AU"",""CA"",""AE"",""GB"",""US""]},""app_banner_settings"":{""group"":0,""locations"":[""AU"",""CA"",""AE"",""GB"",""US""]}}}"
false,chrome-extension://majdfhpaihoncoakbjgbdhglocklcgno,setting:allowExtensionNotifications,true
false,chrome-extension://majdfhpaihoncoakbjgbdhglocklcgno,setting:autoConnect,false
false,chrome-extension://majdfhpaihoncoakbjgbdhglocklcgno,setting:blockAds,false
false,chrome-extension://majdfhpaihoncoakbjgbdhglocklcgno,setting:blockCookies,false
false,chrome-extension://majdfhpaihoncoakbjgbdhglocklcgno,setting:blockFbclid,false
false,chrome-extension://majdfhpaihoncoakbjgbdhglocklcgno,setting:blockGclid,false
false,chrome-extension://majdfhpaihoncoakbjgbdhglocklcgno,setting:blockMalware,false
false,chrome-extension://majdfhpaihoncoakbjgbdhglocklcgno,setting:blockPlugins,true
false,chrome-extension://majdfhpaihoncoakbjgbdhglocklcgno,setting:blockSocial,false
false,chrome-extension://majdfhpaihoncoakbjgbdhglocklcgno,setting:blockTrackers,false
false,chrome-extension://majdfhpaihoncoakbjgbdhglocklcgno,setting:blockUtm,false
false,chrome-extension://majdfhpaihoncoakbjgbdhglocklcgno,setting:customProxy,false
false,chrome-extension://majdfhpaihoncoakbjgbdhglocklcgno,setting:debugMode,false
false,chrome-extension://majdfhpaihoncoakbjgbdhglocklcgno,setting:excludeMode,false
false,chrome-extension://majdfhpaihoncoakbjgbdhglocklcgno,setting:languageDropdownBuilder,false
false,chrome-extension://majdfhpaihoncoakbjgbdhglocklcgno,setting:languageWarp,false
false,chrome-extension://majdfhpaihoncoakbjgbdhglocklcgno,setting:locationWarp,false
false,chrome-extension://majdfhpaihoncoakbjgbdhglocklcgno,setting:maskUserAgent,false
false,chrome-extension://majdfhpaihoncoakbjgbdhglocklcgno,setting:preventWebrtcLeak,false
false,chrome-extension://majdfhpaihoncoakbjgbdhglocklcgno,setting:rememberMe,true
false,chrome-extension://majdfhpaihoncoakbjgbdhglocklcgno,setting:settingsExport,false
false,chrome-extension://majdfhpaihoncoakbjgbdhglocklcgno,setting:settingsImport,false
false,chrome-extension://majdfhpaihoncoakbjgbdhglocklcgno,setting:smartLocation,false
false,chrome-extension://majdfhpaihoncoakbjgbdhglocklcgno,setting:timeWarp,false
false,chrome-extension://majdfhpaihoncoakbjgbdhglocklcgno,setting:toggleTheme,false
false,chrome-extension://majdfhpaihoncoakbjgbdhglocklcgno,smartLocation,"{""sites"":[]}"
false,chrome-extension://majdfhpaihoncoakbjgbdhglocklcgno,theme,white
false,chrome-extension://majdfhpaihoncoakbjgbdhglocklcgno,time,"{""status"":true}"
false,chrome-extension://majdfhpaihoncoakbjgbdhglocklcgno,userInfo,"{""udid"":""d4e94568233626fad871bf09de18a36b"",""country"":""pl"",""language"":""pl"",""city"":""Bobrowniki Male"",""theme"":""white"",""status"":{""authorized"":false,""premium"":false,""trial"":false},""tokens"":{""accessToken"":""DPmlQcVxm_vxBpihE5ulC2CG_ELZ2l2I_1700763493""},""time"":{},""default"":{""protocol"":""https"",""location"":{""region"":""nl"",""name"":""Amsterdam"",""description"":""Netherlands, Amsterdam"",""countryCode"":""NL"",""latitude"":""0.0000000"",""longitude"":""0.0000000"",""networkLoad"":""0"",""priority"":9750,""type"":0,""proxy_type"":0}}}"
false,https://accounts.google.com,nextRotationAttemptTs,1697231856670
false,https://accounts.google.com,promo,{}
false,https://mail.google.com,"PeopleStackExperiments::[""[\""[570501789]\"",\""[3]\"",1]"",""112766829538349002203""]","{""keyPath"":""[\""[\\\""[570501789]\\\"",\\\""[3]\\\"",1]\"",\""112766829538349002203\""]"",""RI"":""[[1,null,null,null,null,null,null,null,null,null,null,null,null,null,null,null,null,null,null,null,null,null,null,null,null,null,null,null,null,null,null,null,null,null,null,null,null,null,null,null,null,null,null,null,null,null,null,null,null,null,null,null,null,null,null,null,null,null,null,null,null,null,null,null,null,null,null,null,null,null,null,null,null,null,null,null,null,null,null,null,null,null,null,null,null,null,null,null,null,null,null,null,null,null,null,null,null,null,null,null,null,null,null,[null,null,null,0,0],null,null,null,[0]],\""112766829538349002203\"",[1714259]]"",""lastUpdated"":1697228988631,""instanceId"":""moqqxpf7ki""}"
false,https://mail.google.com,"PeopleStackExperiments::[""[\""[570501789]\"",\""[3]\"",1]"",""117882679389458975390""]","{""keyPath"":""[\""[\\\""[570501789]\\\"",\\\""[3]\\\"",1]\"",\""117882679389458975390\""]"",""QI"":""[[1,null,null,null,null,null,null,null,null,null,null,null,null,null,null,null,null,null,null,null,null,null,null,null,null,null,null,null,null,null,null,null,null,null,null,null,null,null,null,null,null,null,null,null,null,null,null,null,null,null,null,null,null,null,null,null,null,null,null,null,null,null,null,null,null,null,null,null,null,null,null,null,null,null,null,null,null,null,null,null,null,null,null,null,null,null,null,null,null,null,null,null,null,null,null,null,null,null,null,null,null,null,null,[null,null,null,0,0],null,null,null,[0]],\""117882679389458975390\"",[1714244]]"",""lastUpdated"":1697229007900,""instanceId"":""t3xw23nsjw""}"
false,https://mail.google.com,"PeopleStackExperiments::[""[\""[570501789]\"",\""[3]\"",4]"",""117882679389458975390""]","{""keyPath"":""[\""[\\\""[570501789]\\\"",\\\""[3]\\\"",4]\"",\""117882679389458975390\""]"",""QI"":""[[4],\""117882679389458975390\"",[1714244]]"",""lastUpdated"":1697229095076,""instanceId"":""j1k6vti4xv""}"
false,https://mail.google.com,initialLoadStartCount,0
false,https://www.google.com,LH;;s-YZwpZYm1PKWL9u8P2Yun2AE-dt-1,"p:m|l:70_{""payload"":""&v=t1&ei=YZwpZYm1PKWL9u8P2Yun2AE&m=HV&pv=0.9349928467611028&me=1:1697225833895,V,0,0,1536,747:0,B,2594:0,N,1,YZwpZYm1PKWL9u8P2Yun2AE:0,R,1,9,39,36,92,34:0,R,1,CAoQAA,175,88,1120,40:0,R,1,CAwQAQ,175,88,76,40:0,R,1,CAsQAQ,257,88,70,40:0,R,1,CAgQAQ,333,88,108,40:0,R,1,CAkQAQ,447,88,98,40:0,R,1,CAcQDQ,195,194,652,1973:0,R,1,CA0QAA,195,194,652,378:0,R,1,CBEQAA,195,234,652,286:0,R,1,CA4QAA,195,235,326,148:0,R,1,CBIQAA,522,235,326,148:0,R,1,CBAQAA,195,383,326,148:0,R,1,CA8QAA,522,383,326,148:0,R,1,CBYQAA,195,615,600,95:0,R,1,CBcQAA,195,740,600,139:1080,x:45,T:0,R,1,9,39,36,92,34:0,R,1,CAoQAA,175,88,1120,40:0,R,1,CAwQAQ,175,88,76,40:0,R,1,CAsQAQ,257,88,70,40:0,R,1,CAgQAQ,333,88,108,40:0,R,1,CAkQAQ,447,88,98,40:0,R,1,CE0QAQ,550,88,91,40:0,R,1,CE8QAQ,648,88,51,40:0,R,1,CFEQAQ,704,88,103,40:0,R,1,CE4QAQ,813,88,103,40:0,R,1,CFAQAQ,923,88,84,40:0,R,1,CAcQDQ,195,194,652,1973:0,R,1,CA0QAA,195,194,652,378:0,R,1,CBEQAA,195,234,652,286:0,R,1,CA4QAA,195,235,326,148:0,R,1,CBIQAA,522,235,326,148:0,R,1,CBAQAA,195,383,326,148:0,R,1,CA8QAA,522,383,326,148:0,R,1,CBYQAA,195,615,600,95:0,R,1,CBcQAA,195,740,600,139:21,T:0,R,1,9,39,36,92,34:0,R,1,CAoQAA,175,88,1120,40:0,R,1,CAwQAQ,175,88,76,40:0,R,1,CAsQAQ,257,88,70,40:0,R,1,CAgQAQ,333,88,108,40:0,R,1,CAkQAQ,447,88,98,40:0,R,1,CE0QAQ,550,88,91,40:0,R,1,CE8QAQ,648,88,51,40:0,R,1,CFEQAQ,704,88,103,40:0,R,1,CE4QAQ,813,88,103,40:0,R,1,CFAQAQ,923,88,84,40:0,R,1,CAcQDQ,195,194,652,1973:0,R,1,CA0QAA,195,194,652,378:0,R,1,CBEQAA,195,234,652,286:0,R,1,CA4QAA,195,235,326,148:0,R,1,CBIQAA,522,235,326,148:0,R,1,CBAQAA,195,383,326,148:0,R,1,CA8QAA,522,383,326,148:0,R,1,CBYQAA,195,615,600,95:0,R,1,CBcQAA,195,740,600,139:39,G,1,CAwQAQ,64,11,1:0,c,239,99:1,G,1,CAwQAQ,64,11:0,G,1,CAoQAA,64,11:2,e,U"",""ka"":1697225835083}"
false,https://www.google.com,LH;;s-YZwpZYm1PKWL9u8P2Yun2AE-dt-2,"p:m|l:71_{""payload"":""&v=t1&ei=YZwpZYm1PKWL9u8P2Yun2AE&pv=0.9349928467611028&me=67:1697225835428,e,B"",""ka"":1697225835428}"
false,https://www.google.com,LH;;s-Zq0ZZdztNKvawPAPxoGu8As-dt-2,"p:m|l:68_{""payload"":""&v=t1&ei=Zq0ZZdztNKvawPAPxoGu8As&im=M&pv=0.23336910213295714&me=70:1696181625393,R,1,CBQQAA,341,478,163,122:0,R,1,CBYQAA,506,478,163,122:0,R,1,CA8QAA,671,478,176,122:0,R,1,CBgQAA,195,602,167,125:0,R,1,CBMQAA,364,602,122,125:0,R,1,CBAQAA,488,602,170,125:0,R,1,CBUQAA,660,602,187,125:2368,h,1,CAkQAQ,i:1,h,1,CA0QAA,i:211,h,1,CAkQAQ,o:1,h,1,CA0QAA,o:44,h,1,CBoQAQ,i:0,h,1,CAYQDQ,i:942,S,100:0,R,1,CEIQAA,195,826,652,247:100,h,1,CBEQAA,i:6149,h,1,CBEQAA,o:1,h,1,CA4QAA,i:67,h,1,CA4QAA,o:167,h,1,CBoQAQ,o:0,h,1,CAYQDQ,o:784,S,-100:101,h,1,CAsQAQ,i:0,h,1,CA0QAA,i:250,h,1,CAsQAQ,o:32,h,1,CAoQAQ,i:431,G,1,CAoQAQ,60,24,1:0,c,235,112:1,G,1,CAoQAQ,60,24:0,G,1,CA0QAA,60,24:3,e,U"",""ka"":1696181637046}"
false,https://www.google.com,LH;;s-Zq0ZZdztNKvawPAPxoGu8As-dt-3,"p:m|l:69_{""payload"":""&v=t1&ei=Zq0ZZdztNKvawPAPxoGu8As&im=M&pv=0.23336910213295714&me=101:1696181637520,e,B"",""ka"":1696181637520}"
false,https://www.google.com,_c;;i,p:*|l:9007199254740991_72
false,https://www.google.com,ds;;frib,p:m|l:19_true
false,https://www.google.com,rc::a,MXJhN2t5MDFnMm9yNTk=
false,https://www.google.com,rc::f,0aAC3LoT6po1VFsR0nE2dU85K2eMK7-yT3HpC2aknmdJ4Yv0l2wApz06m_yVf7TJrwmtYxxUgT7Sh--BHC6ifsbEyDZYmn
false,https://www.google.com,sb_wiz.qc,2
false,https://www.google.com,sb_wiz.ueh,5c364352583cc07d0569599f3953d1b42a1adf1d
false,https://www.google.com,sb_wiz.zpc.gws-wiz-serp.,"value is too long, length is 9755, supportted max length is 2048"
false,https://www.google.com,sb_wiz.zpc.i,"value is too long, length is 3481, supportted max length is 2048"
