﻿ID,Name,Type,URL,DateAdded
8,Pomoc,url,https://support.mozilla.org/pl/products/firefox,2021-06-18T21:16:48+02:00
9,Dostosuj program,url,https://support.mozilla.org/pl/kb/customize-firefox-controls-buttons-and-toolbars?utm_source=firefox-browser&utm_medium=default-bookmarks&utm_campaign=customize,2021-06-18T21:16:48+02:00
10,Dołącz do nas,url,https://www.mozilla.org/pl/contribute/,2021-06-18T21:16:48+02:00
11,O Mozilli,url,https://www.mozilla.org/pl/about/,2021-06-18T21:16:48+02:00
12,Pierwsze kroki,url,https://www.mozilla.org/pl/firefox/central/,2021-06-18T21:16:48+02:00
