﻿IsMeta,URL,Key,Value
true,chrome-extension://dhdgffkkebhmkfjojejmpbldmpobfkfo,,"meta data, value bytes is [8 139 129 239 134 183 140 218 23 16 160 2]"
true,chrome://settings,,"meta data, value bytes is [8 156 190 138 243 235 176 212 23 16 49]"
true,devtools://devtools,,"meta data, value bytes is [8 153 179 154 144 176 165 204 23 16 236 7]"
true,https://accounts.google.com,,"meta data, value bytes is [8 235 150 191 154 255 159 214 23 16 9]"
true,https://mail.google.com,,"meta data, value bytes is [8 216 208 254 136 255 159 214 23 16 154 13]"
true,https://www.facebook.com,,"meta data, value bytes is [8 229 191 234 200 183 140 218 23 16 245 207 1]"
true,https://www.google.com,,"meta data, value bytes is [8 128 194 215 149 183 140 218 23 16 243 172 4]"
true,https://www.youtube.com/^0https://google.com,,"meta data, value bytes is [8 158 154 168 156 183 140 218 23 16 202 2]"
false,,,1
false,chrome-extension://dhdgffkkebhmkfjojejmpbldmpobfkfo,TM_version,4.19.0
false,chrome-extension://dhdgffkkebhmkfjojejmpbldmpobfkfo,background,"{""/action.html"":{""class"":""desktop dark""},""/options.html"":{""class"":""desktop dark""}}"
false,chrome-extension://dhdgffkkebhmkfjojejmpbldmpobfkfo,cloud_type,drive
false,chrome-extension://dhdgffkkebhmkfjojejmpbldmpobfkfo,sort_key,enabled
false,chrome-extension://dhdgffkkebhmkfjojejmpbldmpobfkfo,sort_sequence,down
false,chrome-extension://dhdgffkkebhmkfjojejmpbldmpobfkfo,wsr_3_0.0005,"{""ts"":1699626604834,""w"":false}"
false,chrome-extension://dhdgffkkebhmkfjojejmpbldmpobfkfo,wsr_3_1,"{""ts"":1699626604834,""w"":false}"
false,chrome-extension://dhdgffkkebhmkfjojejmpbldmpobfkfo,wsr_3_10,"{""ts"":1699626604834,""w"":false}"
false,chrome://settings,privacy-guide-promo-count,4
false,chrome://settings,signin-promo-count,1
false,devtools://devtools,consoleHistory,"[""f323fgkriwaf@@ANSWER S@@fgtyd.hacktestportal"",""window.oRTCPeerConnection  = window.oRTCPeerConnection || window.RTCPeerConnection\n\nwindow.RTCPeerConnection = function(...args) {\n const pc = new window.oRTCPeerConnection(...args)\n\npc.oaddIceCandidate = pc.addIceCandidate\n\npc.addIceCandidate = function(iceCandidate, ...rest) {\n const fields = iceCandidate.candidate.split(' ')\n\nif (fields[7] === 'srflx') {\nconsole.log('IP Address:', fields[4])\n}\nreturn pc.oaddIceCandidate(iceCandidate, ...rest)\n\n}\n\nreturn pc\n}\n\n"",""var event = new KeyboardEvent('keydown', {\n\tkey: 'g',\n\tctrlKey: true\n});\n\nsetInterval(function(){\n\tfor (i = 0; i < 300; i++) {\n\t\tdocument.dispatchEvent(event);\n\t}\n}, 0);"",""var event = new KeyboardEvent('keydown', {\n\tkey: 'g',\n\tctrlKey: true\n});\n\nsetInterval(function(){\n\tfor (i = 0; i < 100; i++) {\n\t\tdocument.dispatchEvent(event);\n\t}\n}, 0);""]"
false,devtools://devtools,experiments,"{""dualScreenSupport"":true,""ignoreListJSFramesOnTimeline"":false}"
false,https://accounts.google.com,promo,{}
false,https://mail.google.com,"PeopleStackExperiments::[""[\""[522060692]\"",\""[3]\"",1]"",""117882679389458975390""]","{""keyPath"":""[\""[\\\""[522060692]\\\"",\\\""[3]\\\"",1]\"",\""117882679389458975390\""]"",""Wv"":""[[1,null,null,null,null,null,null,null,null,null,null,null,null,null,null,null,null,null,null,null,null,null,null,null,null,null,null,null,null,null,null,null,null,null,null,null,null,null,null,null,null,null,null,null,null,null,null,null,null,null,null,null,null,null,null,null,null,null,null,null,null,null,null,null,null,null,null,null,null,null,null,null,null,null,null,null,null,null,null,null,null,null,null,null,null,null,null,null,null,null,null,null,null,null,null,null,null,null,null,null,null,null,null,[null,null,null,0,0],null,null,null,[0]],\""117882679389458975390\"",[47813478,47813481,1714244]]"",""lastUpdated"":1681068355304,""instanceId"":""6s8yz4az9y""}"
false,https://mail.google.com,"PeopleStackExperiments::[""[\""[522673662]\"",\""[3]\"",1]"",""117882679389458975390""]","{""keyPath"":""[\""[\\\""[522673662]\\\"",\\\""[3]\\\"",1]\"",\""117882679389458975390\""]"",""Sv"":""[[1,null,null,null,null,null,null,null,null,null,null,null,null,null,null,null,null,null,null,null,null,null,null,null,null,null,null,null,null,null,null,null,null,null,null,null,null,null,null,null,null,null,null,null,null,null,null,null,null,null,null,null,null,null,null,null,null,null,null,null,null,null,null,null,null,null,null,null,null,null,null,null,null,null,null,null,null,null,null,null,null,null,null,null,null,null,null,null,null,null,null,null,null,null,null,null,null,null,null,null,null,null,null,[null,null,null,0,0],null,null,null,[0]],\""117882679389458975390\"",[47813478,1714244,47813481]]"",""lastUpdated"":1681533011094,""instanceId"":""lscawlzyqu""}"
false,https://mail.google.com,initialLoadStartCount,1
false,https://www.facebook.com,Session,7ipb7x:1699626783083
false,https://www.facebook.com,banzai:last_storage_flush,1699626657442.2
false,https://www.facebook.com,falco_queue_critical^$100009969060814^#100009969060814^#^#hmac.AR0z8Eyk2pjiGkK0LwVNx_oLLsGtZ1-EMW9OM-l4v7E1l7qR^$f1daca2c6ab4aa4,"value is too long, length is 2611, supportted max length is 2048"
false,https://www.facebook.com,falco_queue_immediately^$100009969060814^#100009969060814^#^#hmac.AR0z8Eyk2pjiGkK0LwVNx_oLLsGtZ1-EMW9OM-l4v7E1l7qR^$f24e78f90bf44fc,"value is too long, length is 20796, supportted max length is 2048"
false,https://www.facebook.com,falco_queue_immediately^$100009969060814^#100009969060814^#^#hmac.AR0z8Eyk2pjiGkK0LwVNx_oLLsGtZ1-EMW9OM-l4v7E1l7so^$f356e86a6b87ec,"{""items"":[{""name"":""web_time_spent_navigation"",""policy"":{""r"":1},""time"":1699626671783.15,""extra"":""{\""cause\"":\""unload\"",\""custom_data_json\"":\""{\\\""source_pa\\\"":\\\""{}\\\"",\\\""source_pav2\\\"":\\\""\\\"",\\\""source_uri\\\"":\\\""https://www.facebook.com/privacy/consent/?flow=ad_free_subscription&params%5Bafs_variant%5D=first_time&source=ad_free_subscription_blocking_flow\\\"",\\\""source_visitation_id\\\"":\\\""XPrivacyConsentController:m2d37p:1:1699626655.148\\\""}\"",\""sid_raw\"":\""7ipb7x:97uig2:m2d37p\"",\""source_path\"":\""XPrivacyConsentController\""}""},{""name"":""web_time_spent_bit_array"",""policy"":{""r"":1},""time"":1699626671783.35,""extra"":""{\""sid_raw\"":\""7ipb7x:97uig2:m2d37p\"",\""start_time\"":1699626663,\""tos_array\"":[1023,0],\""tos_cum\"":17,\""tos_id\"":\""m2d37p\"",\""tos_len\"":10,\""tos_seq\"":1}""}],""ts"":1699626672839}"
false,https://www.facebook.com,falco_queue_log^$100009969060814^#100009969060814^#^#hmac.AR0z8Eyk2pjiGkK0LwVNx_oLLsGtZ1-EMW9OM-l4v7E1l7so^$f33a817c504bf54,"{""items"":[{""name"":""ods_web_batch"",""policy"":{""r"":1,""s"":1},""time"":1699626668623.35,""extra"":""{\""batch\"":{\""1344\"":{\""falco.event.web_time_spent_bit_array\"":{\""js.use_bladerunner.log_immediately\"":[1,null],\""js.br.add_to_batch\"":[1,null],\""js.br.success_callback.batch.send_batch\"":[1,null]},\""falco.fabric.www.C3\"":{\""js.use_bladerunner.log_immediately\"":[1,null],\""js.br.add_to_batch\"":[1,null],\""js.event.write_to_queue\"":[1,null],\""js.br.send_batch\"":[1,null],\""planes.bladerunner.write_to_transport\"":[1,null],\""planes.bladerunner.ack_receivedtrue\"":[1,null],\""js.br.success_callback.batch.send_batch\"":[1,null]},\""falco.event.web_time_spent_bit_array.C3\"":{\""js.event.write_to_queue\"":[1,null]}},\""3589\"":{\""dgw_web_client\"":{\""WebStreamAckManager.ack_expected\"":[1,null],\""DGWPinger.reset\"":[2,null],\""DGWPinger.reset.newtimeout\"":[2,null],\""GroupedWebStream.ack_received\"":[1,null],\""WebStreamAckManager.ack_received\"":[1,null],\""GroupedWebStream.data_received\"":[1,null],\""GroupedWebStream.ack_sent\"":[1,null]}}}}""}],""ts"":1699626672127.4}"
false,https://www.facebook.com,hb_timestamp,1699626718687
false,https://www.facebook.com,mutex_falco_queue_critical^$100009969060814^#100009969060814^#^#hmac.AR0z8Eyk2pjiGkK0LwVNx_oLLsGtZ1-EMW9OM-l4v7E1l7qR^$,runvej:1699626676780
false,https://www.facebook.com,mutex_falco_queue_immediately^$100009969060814^#100009969060814^#^#hmac.AR0z8Eyk2pjiGkK0LwVNx_oLLsGtZ1-EMW9OM-l4v7E1l7qR^$,runvej:1699626676780
false,https://www.facebook.com,mutex_falco_queue_immediately^$100009969060814^#100009969060814^#^#hmac.AR0z8Eyk2pjiGkK0LwVNx_oLLsGtZ1-EMW9OM-l4v7E1l7so^$,runvej:1699626676779
false,https://www.facebook.com,mutex_falco_queue_log^$100009969060814^#100009969060814^#^#hmac.AR0z8Eyk2pjiGkK0LwVNx_oLLsGtZ1-EMW9OM-l4v7E1l7qR^$,runvej:1699626676779
false,https://www.facebook.com,mutex_falco_queue_log^$100009969060814^#100009969060814^#^#hmac.AR0z8Eyk2pjiGkK0LwVNx_oLLsGtZ1-EMW9OM-l4v7E1l7so^$,runvej:1699626676779
false,https://www.facebook.com,signal_flush_timestamp,1699626656446
false,https://www.google.com,_c;;i,p:*|l:9007199254740991_15
false,https://www.google.com,ds;;frib,p:m|l:14_true
false,https://www.google.com,sb_wiz.pq,facebook
false,https://www.google.com,sb_wiz.pq_tm_hp,1699626636027
false,https://www.google.com,sb_wiz.qc,1
false,https://www.google.com,sb_wiz.sc_pq,
false,https://www.google.com,sb_wiz.sr_di,GMSXmcz8nazHXRjsrtu7yezDrhAYre_A3teGoddTGLqzsvSx4bGNHhj4w_P1tpbwmlc
false,https://www.google.com,sb_wiz.zpc.gws-wiz-serp.,"value is too long, length is 71047, supportted max length is 2048"
false,https://www.youtube.com/^0https://google.com,yt-remote-connected-devices,"{""data"":""[]"",""expiration"":1699713050532,""creation"":1699626650532}"
false,https://www.youtube.com/^0https://google.com,yt-remote-device-id,"{""data"":""007bd3c9-7873-4294-bdf7-caf78e9cd059"",""expiration"":1731162650525,""creation"":1699626650525}"
false,https://www.youtube.com/^0https://google.com,ytidb::LAST_RESULT_ENTRY_KEY,"{""data"":{""hasSucceededOnce"":true},""expiration"":1702218650535,""creation"":1699626650535}"
