﻿UserName,Password,LoginURL,CreateDate
offficial,CMUvrYSaje.*Sz2,https://accs-market.com/group/259942,2023-09-01T21:02:23.814673+02:00
kvbuskvba@gmail.com,dKFw!9$M&7DSLYJ,https://addmefast.com/,2023-07-27T15:19:34.351996+02:00
,,https://1login.wp.pl/,2023-07-12T13:41:36.0407+02:00
kvbba,8J.QCgSNkA7Yspv,https://cupsell.pl/rejestracja,2023-07-10T19:36:02.198367+02:00
jebacjab,v8TeEyYTP!EGL6,https://keydrop-simulator.vercel.app/login,2023-06-08T14:45:49.273023+02:00
10249460u,Triangu12390,https://api.librus.pl/OAuth/Authorization,2023-06-01T13:03:28.724572+02:00
,,https://www.messenger.com/,2023-04-25T20:10:16.253564+02:00
kvbuskvba@gmail.com,LhInwcrl57ZwwciSyhNI,https://socialblade.com/register,2023-02-28T14:44:12.225333+01:00
wpierdolodkvbba,TrianTrian,https://store.steampowered.com/join/completesignup,2023-02-22T21:46:43.875617+01:00
mamaf51469@prolug.com,VTK8kpk4QEND!y6,https://mega.nz/register,2023-01-08T20:48:26.677451+01:00
fqwofuoqwfoqwbio@gmail.com,Ww89EzdDZLj7.U9,https://vodcom.pl/auth/register/r/L3N6a29sYV9vZGNpbmtpXzIwMS0yNTA%3D,2022-12-29T18:25:20.866514+01:00
kindek912@gmail.com,Triangular12390,https://account.live.com/ResetPassword.aspx,2022-12-10T16:58:57.955124+01:00
feqfefqfqwffwqf,U.3hu9nJC8Q7@qS,https://www.youlikehits.com/signup.php,2022-11-30T16:40:46.393708+01:00
speedygive,2KfviijwssJkbGX,https://www.twitch.tv/,2022-11-09T19:39:41.643633+01:00
speedylc,M_B5ZtYZ56fVPzr,https://tipply.pl/register/,2022-11-09T19:37:17.386879+01:00
gasingas,.7U.pWSppUACmnt,https://donejty.pl/rejestracja.html,2022-11-01T20:40:28.414203+01:00
kvbuskvba@gmail.com,Fajnehaslo!,https://www.testportal.pl/EduRegistration.html,2022-09-25T10:42:54.974702+02:00
kvbuskvba@gmail.com,ceM_!.rV2$kFC5J,https://sub2unlock.com/auth/register,2022-09-17T18:52:03.158495+02:00
laloloclal,Konrekl34567634578645!!,https://www.like4like.org/login/register.php,2022-08-08T21:58:57.177259+02:00
jonekjonek,Dpx@McNgx8j5Rwa,https://www.follow4follow.com/,2022-08-08T21:25:08.437932+02:00
jonekjonek,Dpx@McNgx8j5Rwa,https://follow4follow.com/,2022-08-08T21:24:29.630234+02:00
kvbuskvba@gmail.com,J9LFw2qgL2nK8D3,https://streetautonomy.com/moje-konto/,2022-08-08T13:23:30.342303+02:00
yayoh845645645645,$h&D9MyZGm:9*r4,https://store.steampowered.com/join/completesignup,2022-07-03T21:07:42.715935+02:00
kvba,hN#jZb2NTe$jTh2,https://fotka.com/,2022-06-04T14:05:36.019981+02:00
kvbusDawid,-Vt-Y2acqG@LdBV,https://m.betclic.pl/logowanie,2022-06-02T13:48:48.222945+02:00
jakubek1812,Triangular1234,https://steamcommunity.com/openid/login,2022-05-25T16:32:39.017592+02:00
piboneg95345345345435,"jTTXkj4xf!,,*MN",https://store.steampowered.com/join/completesignup,2022-05-23T17:03:38.297922+02:00
kvbuskvba@gmail.com,"nT.8zX?5F%t,wm-",https://login.paysafecard.com/customer-auth/,2022-05-23T16:46:34.975145+02:00
kvbuskvba@gmail.com,"nT.8zX?5F%t,wm-",https://my.paysafecard.com/mypins-psc/recoverLogin/recoverPasswordNewPassword.xhtml,2022-05-23T16:46:25.417585+02:00
kvbusDawid,-Vt-Y2acqG@LdBV,https://www.betclic.pl/rejestracja/step3,2022-05-23T16:38:16.290975+02:00
Kvbus,superhqslo,https://teleprank.pl/index.php/User,2022-05-16T18:56:45.180747+02:00
yoreyo5637@zneep.com,pawword,https://www.mediafire.com/upgrade/registration.php,2022-03-05T12:29:52.534375+01:00
Nazzwawaaw,6pV3!3!YK!Drwbj,https://filman.cc/rejestracja,2022-02-23T22:54:38.475091+01:00
kvbuskvba@gmail.com,aVSd%vbUcH6JFM2,https://www.sts.pl/pl/registration/,2022-02-05T18:30:54.621526+01:00
,,https://www.epicgames.com/,2022-01-19T14:36:59.325542+01:00
yuliee5155@gmail.com,NTUbKGChnrx#j5j,https://kingdomlikes.com/register,2021-12-19T00:05:10.417556+01:00
vitij58701@wolfpat.com,NTUbKGChnrx#j5j,https://kingdomlikes.com/register,2021-12-19T00:03:55.823661+01:00
,Prostehaslo27!,https://discord.com/reset,2021-12-18T23:56:22.826826+01:00
Julie5555555,RpjNwfb!rRDJ4GW,"https://czateria.interia.pl/emb-chat,room,118,Erotyczny",2021-12-18T23:30:19.904077+01:00
,@f%e&uWE44^@%$J,https://www.paypal.com/authflow/password-recovery/change/,2021-12-18T22:29:46.590817+01:00
kvbuskvba@gmail.com,"nT.8zX?5F%t,wm-",https://customer.cc.at.paysafecard.com/rest/payment/panel,2021-12-09T21:00:05.48772+01:00
kvbuskvba@gmail.com,"nT.8zX?5F%t,wm-",https://registration.paysafecard.com/customer-registration/,2021-12-09T20:53:38.539842+01:00
kvbusiiekk,?*[x=)8H=&?6uZW,https://www.roblox.com/,2021-12-08T20:00:11.680873+01:00
kkkkkkkkkkkkk9569456954699,kkkkkkkkkk2!,https://quizizz.com/signup/student/1,2021-11-15T20:10:56.290187+01:00
kindek912@gmail.com,Triangular12390,https://cufs.vulcan.net.pl/gminamedyka/Account/LogOn,2021-10-25T14:16:52.985784+02:00
kvbuskvba@gmail.com,CA8E2LkQwr!ZcqF,https://fireads.org/pl/register,2021-09-20T15:01:46.615737+02:00
kindek912@gmail.com,Triangular12390,https://login.live.com/oauth20_authorize.srf,2021-04-14T16:27:59.410669+02:00
,,android://zQxb6hXv1MJiC1Yyotdhi8HP-y7fwPcOLwPOWTwWKpP2VXcbsuIiI4iJ1KV0Dz3LzVsUuKJmYCBIUAxnsPB9FA==@com.facebook.orca/,1970-01-01T01:00:00+01:00
,,android://qbMQCZh-CU_SBn04UFat_bLMSicoFKWYI0MzXmOdBklD5gJcvH42kD8GXA5lvZmtq1ON0Dd8FAT6SLUIlwNUqA==@com.instagram.android/,1970-01-01T01:00:00+01:00
,,android://dKranQB7c5H2WKHJF5rygyRh5-vrf7ZVODNX_XoJgJ5YncxgwK7vbH1kZrYCLmv68MEawe5nFA-sfKQk9mrbFQ==@tv.twitch.android.app/,1970-01-01T01:00:00+01:00
,,android://RGlUtI9NY0ps7eW1mdYoROkaZ3iIqThRr1OIJOwe5lqdRX93aUt2TxUUz13PLlTFN5B1C0mMDPyM4BsBic8Fmg==@com.roblox.client/,1970-01-01T01:00:00+01:00
kvbuskvba@gmail.com,TrianekTrian!,android://0mxF7gRbL1Erv-6PlnR82jAP6lGaonT58okn_6fDdiqJuSFgX4aVoIyNFwhPQzm2smYltWO3qwuGjil466nBIQ==@com.disney.disneyplus/,1970-01-01T01:00:00+01:00
