﻿Name,Description,Version,HomepageURL
Browsec VPN - Free VPN for Firefox,Browsec VPN is a Firefox VPN extension that protects your IP from Internet threats and lets you browse privately for free.,3.80.6,https://browsec.com/
Form Autofill,,1.0.1,
Firefox Screenshots,Take clips and screenshots from the Web and save them temporarily or permanently.,39.0.1,https://github.com/mozilla-services/screenshots
WebCompat Reporter,Report site compatibility issues on webcompat.com,1.5.1,https://github.com/mozilla/webcompat-reporter
Web Compatibility Interventions,Urgent post-release fixes for web compatibility.,119.0.0,
Picture-In-Picture,Fixes for web compatibility with Picture-in-Picture,1.0.0,
System theme — auto,"Follow the operating system setting for buttons, menus, and windows.",1.3,
Light,A theme with a light color scheme.,1.2,
Dark,A theme with a dark color scheme.,1.2,
Firefox Alpenglow,"Use a colorful appearance for buttons, menus, and windows.",1.4,
Google,Google Search,1.4,
Wolne Lektury,Biblioteka internetowa WolneLektury.pl,1.1,
Wikipedia (en),"Wikipedia, the Free Encyclopedia",1.3,
DuckDuckGo,Search DuckDuckGo,1.4,
Allegro,Wyszukiwanie w aukcjach Allegro,1.2,
Add-ons Search Detection,,2.0.0,
