﻿Host,Path,KeyName,Value,IsSecure,IsHTTPOnly,HasExpire,IsPersistent,CreateDate,ExpireDate
.yahoo.com,/,GUCS,AU6VZ_Xx,true,false,true,true,2023-04-04T19:30:38.327271+02:00,2023-04-04T20:00:38.327271+02:00
accounts.google.com,/,__Host-GAPS,1:cdta2OfNeS90bHwJW_hiVWwdV9_iDg:yHhDie0RKNWkZntJ,true,true,true,true,2022-11-04T22:18:12.691933+01:00,2023-12-09T22:18:12.691933+01:00
.google.com,/,CONSENT,PENDING+541,true,false,true,true,2022-11-04T22:18:02.771486+01:00,2023-12-09T22:18:02.771486+01:00
.google.com,/,NID,511=kZngHPHrRmuneMVIJajDCtYCf4ujrRxDQy-LD8eAp3N16OTukaxBLccrFDuJTzLXVepLYoQH67neAcwpGzAKyHEfIu43K9jmEjKZClkzn6Z3G42yLPhUBeVhKgO7uc6YqysNRysNA--TZbRyUMzWgXYRs_PRckVw2OjKjtnpHg4,true,true,true,true,2022-11-04T22:17:50.13307+01:00,2023-05-06T23:17:50.13307+02:00
