﻿UserName,Password,LoginURL,CreateDate
,,https://poczta.o2.pl/,2022-11-21T16:06:18.765889+01:00
,,https://sklep.pgg.pl/,2022-11-21T16:05:26.397959+01:00
,,https://wegiel-pgg.info/,2022-11-21T15:56:33.597959+01:00
,,https://filman.cc/,2022-11-13T15:58:16.379316+01:00
,,https://allegro.pl/,2021-06-16T13:14:16.856531+02:00
,,https://www.wykop.pl/,2021-06-06T17:49:34.68864+02:00
,,https://customer.cc.at.paysafecard.com/,2021-05-26T16:47:42.963629+02:00
,BartoszUr140,https://www.epicgames.com/id/login/reset-password,2021-02-17T13:16:14.772257+01:00
bmaz1210@outlook.com,BartoszUr140,https://login.live.com/login.srf,2021-02-17T13:15:03.738871+01:00
bartusmaz140@gmail.com,Marek140,https://cufs.vulcan.net.pl/rzeszow/Account/LogOn,2021-02-15T10:32:50.49354+01:00
,,https://pl-pl.facebook.com/,2021-02-14T15:46:03.706629+01:00
bartusmaz140@gmail.com,BartoszUr140,https://accounts.google.com/signin/v2/challenge/pwd,2021-02-02T14:05:10.465985+01:00
,,https://mobile.twitter.com/,2021-01-28T08:34:22.699197+01:00
,,https://www.roblox.com/,2020-12-19T09:27:48.254668+01:00
,Marek140,https://auth3.uber.com/,2020-12-18T18:39:48.81043+01:00
,,https://www.amazon.com/,2020-11-06T21:09:25.206357+01:00
bmaz1210@o2.pl,Bartosz140,https://pilot.wp.pl/login/,2020-11-06T13:14:49.255299+01:00
Bartusmaz140@gmail.com,Marek140,https://cufs.vulcan.net.pl/gminamedyka/Account/LogOn,2020-09-21T13:47:44.75028+02:00
bmaz1210@outlook.com,BartoszUr140,https://login.live.com/oauth20_authorize.srf,2020-07-11T10:46:58.044242+02:00
MartusowSKY,marek140,https://auth.riotgames.com/login,2020-04-11T17:16:46.677813+02:00
,,https://www.paypal.com/,2020-02-16T16:25:10.056012+01:00
,,https://www.instagram.com/,2019-08-20T19:03:30.380224+02:00
bmaz1210@outlook.com,marek140,https://www.epicgames.com/id/login,2019-07-19T08:25:12.590281+02:00
8c77n,malykotek1401231234567890,https://login.blockchain.com/pl/,2019-06-09T04:16:32.351835+02:00
Alwirian,malykotek1401231234567890,https://login.blockchain.com/pl/,2019-06-09T04:06:19.309933+02:00
bmaz1210@outlook.com,marek140,https://accounts.epicgames.com/register/customized,2019-02-14T16:31:52.927249+01:00
,,https://gamehag.com/,2019-02-04T17:32:53.26249+01:00
bmaz1210@o2.pl,marek140 ,https://discordapp.com/login,2019-01-08T15:20:24.750852+01:00
,marek140,https://account.live.com/password/reset,2018-12-03T17:54:52.868102+01:00
bartusmaz140@gmail.com,Marek140,https://signin.rockstargames.com/create/user-form,2018-12-03T17:38:31.76267+01:00
Alwitanit,Marek140,android://dKranQB7c5H2WKHJF5rygyRh5-vrf7ZVODNX_XoJgJ5YncxgwK7vbH1kZrYCLmv68MEawe5nFA-sfKQk9mrbFQ==@tv.twitch.android.app/,2018-10-07T18:10:51.752+02:00
bmaz1210@o2.pl,marek140,https://accounts.epicgames.com/login/customized,2018-05-01T19:52:04.860681+02:00
bartusmaz140@gmail.com,marek150,https://accounts.epicgames.com/register/customized,2018-05-01T19:46:36.200404+02:00
Alwirltiani XD,Marek1234,"https://m.zapytaj.onet.pl/Category/002,010/2,23788316,Polaski_klasa_4_str_45_zadanie_5_.html",2018-03-20T18:02:39.46805+01:00
,,https://www.datezone.com/,2018-03-18T11:22:09.627614+01:00
,,https://www.datezone.com/registration_user/,2018-03-18T11:22:09.627614+01:00
Kottonnnnnnnn,marek140,https://brainly.pl/zadanie/7557283,2017-11-18T12:36:37.583019+01:00
mazur1010,marek140,https://steamcommunity.com/login/home/,2017-08-17T15:43:35.226613+02:00
,,https://www.momio.me/,2017-08-16T19:40:52.715152+02:00
,,https://www.momio.me/,2017-08-16T19:40:52.715152+02:00
,,https://pl-pl.facebook.com/,2017-07-29T06:43:38.090286+02:00
,,https://accounts.google.com/,2017-01-17T10:47:45.382323+01:00
36437397,grzadziel1,https://www.axaonline.pl/ofe/login.xhtml,2016-10-26T12:54:14.409349+02:00
bartusmaz140@gmail.com,,android://OueXWS69sQ0dVEPQblyWg7gLBlVGVfNPoJFzuwZEo70w6tjNXJ2sipKX5md-RHGFvJ8hJYfKegMKw54YJCl0vw==@com.runtastic.android.results.lite/,1970-01-01T01:00:00+01:00
bartusmaz140@gmail.com,Marek140,android://2Q82TiAojrruN4q56Ttwb9pRQAkZ73TAEh2r0iatwKG7k2pb9_aRB1c9XJKShM5Dyc-tFk3cdk7gxb7FTpaKrw==@com.spotify.music/,1970-01-01T01:00:00+01:00
Bartosz Mazur,,android://79xEc7TXh3cNp5rV9kci8i6AYyfPq8BmRomGIiNpLtXCAx3qy5RICnOQLbMJaQ1UNGV_N7sSK1dLpTmEZQ8csg==@com.spotify.music/,1970-01-01T01:00:00+01:00
bartusmaz140@gmail.com,BartoszUr140,android://Jzj5T2E45Hb33D-lk-EHZVCrb7a064dEicTwrTYQYGXO99JqE2YERhbMP1qLogwJiy87OsBzC09Gk094Z-U_hg==@com.netflix.mediaclient/,1970-01-01T01:00:00+01:00
,,android://nXYtuGIxdhojPQeXp3YmgDW8_vVER9qm8PhxbqJxmYIvrCfVo3GRbHzXz9mIcA-VLaYvf73ujCv-e546SVJQsQ==@pl.payback/,1970-01-01T01:00:00+01:00
,,android://zQxb6hXv1MJiC1Yyotdhi8HP-y7fwPcOLwPOWTwWKpP2VXcbsuIiI4iJ1KV0Dz3LzVsUuKJmYCBIUAxnsPB9FA==@com.facebook.katana/,1970-01-01T01:00:00+01:00
,,android://UhbMtiAExFNPNceArXxYL07lKDceJ9QVHwVTMl3pzL5rNOxCM_X2QHA1gQU6v-owOXcnLReVhwTYm3cRKSpFaQ==@com.roblox.client/,1970-01-01T01:00:00+01:00
,,android://RGlUtI9NY0ps7eW1mdYoROkaZ3iIqThRr1OIJOwe5lqdRX93aUt2TxUUz13PLlTFN5B1C0mMDPyM4BsBic8Fmg==@com.roblox.client/,1970-01-01T01:00:00+01:00
,,android://BUi3vpJapuiQqpWQUdO7LVc7haroYELym0lKoadfKcXfV4LgV0V18zAGwx1jVqXQKZ2Xgdt5Yu_qeI3DHfPj1Q==@com.alibaba.aliexpresshd/,1970-01-01T01:00:00+01:00
