﻿Name,Description,Version,HomepageURL
Torrent Scanner,__MSG_extShortDesc__,1.3.0,
Cookie-Editor,"Simple yet powerful Cookie Editor that allow you to quickly create, edit and delete cookies without leaving your tab.",1.12.2,
Aurora - Multi Color Tabs,,1.3,
__MSG_appName__,__MSG_appDescription__,0.1.11.5,
__MSG_appName__,__MSG_appDesc__,1.1.1,
__MSG_AppName__,__MSG_AppDesc__,2.7.3,
__MSG_APP_NAME__,__MSG_APP_DESCRIPTION__,1.0.0.6,
ShadowPay Trademanager,Trade CS:GO skins with ease on ShadowPay.,0.3.2,
Avira Password Manager,__MSG_extDescription__,2.19.13.4452,
__MSG_extName__,__MSG_extDescription__,4.2.7.2483,
__MSG_appName__,__MSG_appDesc__,0.28.2,
__MSG_extName__,__MSG_extDescription__,4.19.0,
__MSG_web2pdfExtnName__,__MSG_web2pdfExtnDescriptionChrome__,23.9.1.0,
__MSG_name__,__MSG_desc__,2.0.8,
__MSG_extName__,__MSG_extDescription__,4.2.7.2439,
__MSG_extensionName__,__MSG_extensionDesc__,3.0.0.12,
__MSG_extName__,__MSG_extDesc__,1.69.0,
